,Region,Fecha,Cantidad
0,LIMA,2019-10-30,259096.26
1,SUR,2020-02-29,82291.83
2,CENTRO-ORIENTE,2020-04-14,52168.55
3,LIMA,2019-10-24,222635.1
4,CENTRO-ORIENTE,2021-06-03,42757.85
5,SUR,2020-09-02,46709.51
6,NORTE,2021-05-30,1968.68
7,CENTRO-ORIENTE,2019-10-11,53449.53
8,NORTE,2019-10-01,114600.5
9,CENTRO-ORIENTE,2021-06-09,51470.57
10,SUR,2021-04-22,35387.19
11,NORTE,2019-10-07,177146.83
12,LIMA,2020-04-30,268271.49
13,SUR,2020-02-26,50468.41
14,NORTE,2021-05-27,140140.81
15,SUR,2020-03-03,33784.97
16,CENTRO-ORIENTE,2019-10-08,28206.05
17,LIMA,2021-06-19,137889.33
18,LIMA,2019-10-27,1582.43
19,CENTRO-ORIENTE,2019-10-14,43231.82
20,NORTE,2021-06-02,112761.6
21,NORTE,2020-04-07,107786.27
22,NORTE,2019-10-04,163552.92
23,LIMA,2021-06-22,4106.21
24,CENTRO-ORIENTE,2021-06-06,8500.3
25,CENTRO-ORIENTE,2020-06-05,35460.53
26,NORTE,2020-10-04,338.58
27,SUR,2021-04-28,67368.04
28,CENTRO-ORIENTE,2019-10-17,46818.34
29,SUR,2020-10-24,24118.46
30,LIMA,2020-04-24,184213.33
31,SUR,2020-03-06,42136.95
32,LIMA,2020-10-27,246033.6
33,NORTE,2020-04-04,167544.13
34,CENTRO-ORIENTE,2020-12-05,52671.96
35,SUR,2019-09-02,34774.18
36,CENTRO-ORIENTE,2020-12-11,62891.85
37,SUR,2021-05-01,838.79
38,CENTRO-ORIENTE,2020-06-08,38897.21
39,NORTE,2020-10-07,162926.97
40,LIMA,2020-10-30,294518.59
41,SUR,2019-09-05,39750.3
42,LIMA,2020-04-27,183236.12
43,NORTE,2020-04-01,96759.72
44,CENTRO-ORIENTE,2020-12-08,33278.21
45,CENTRO-ORIENTE,2021-06-12,36323.71
46,NORTE,2020-06-07,152.08
47,LIMA,2020-06-24,261201.77
48,CENTRO-ORIENTE,2020-06-11,58248.49
49,LIMA,2020-06-30,421523.69
50,NORTE,2019-12-04,144779.74
51,SUR,2020-01-02,12797.68
52,NORTE,2020-06-04,222533.29
53,LIMA,2019-12-24,131207.05
54,LIMA,2020-06-27,187325.79
55,CENTRO-ORIENTE,2020-06-14,6577.58
56,CENTRO-ORIENTE,2019-12-11,42012.25
57,SUR,2019-12-30,68147.99
58,LIMA,2019-12-27,287980.57
59,SUR,2021-02-23,30950.08
60,CENTRO-ORIENTE,2021-02-04,62289.42
61,NORTE,2021-06-05,129280.4
62,SUR,2020-08-24,52389.87
63,NORTE,2020-12-01,80547.09
64,CENTRO-ORIENTE,2019-12-14,47738.57
65,LIMA,2020-12-27,15341.33
66,LIMA,2020-12-21,216106.9
67,SUR,2021-02-26,109159.49
68,NORTE,2020-05-29,260776.5
69,NORTE,2019-10-10,167925.15
70,CENTRO-ORIENTE,2021-02-01,70404.18
71,LIMA,2020-06-21,3900.0
72,LIMA,2019-11-02,199894.63
73,SUR,2021-03-01,21009.32
74,CENTRO-ORIENTE,2021-02-07,5996.92
75,NORTE,2020-11-28,132680.58
76,NORTE,2020-12-04,146959.72
77,SUR,2020-08-27,45745.25
78,CENTRO-ORIENTE,2019-12-17,57640.33
79,LIMA,2020-12-24,116346.23
80,NORTE,2020-06-01,157812.66
81,SUR,2019-11-02,20200.64
82,NORTE,2020-07-29,202931.41
83,CENTRO-ORIENTE,2020-08-11,45933.36
84,LIMA,2020-08-24,173237.38
85,LIMA,2020-08-21,174618.19
86,CENTRO-ORIENTE,2021-02-10,44072.78
87,CENTRO-ORIENTE,2020-08-05,63977.06
88,LIMA,2021-02-26,243407.7
89,NORTE,2020-08-04,175866.79
90,SUR,2020-12-27,1667.83
91,SUR,2019-11-05,33990.22
92,LIMA,2020-08-27,182903.77
93,CENTRO-ORIENTE,2020-08-08,39908.79
94,SUR,2020-12-24,38121.0
95,NORTE,2020-08-01,75999.93
96,NORTE,2021-02-03,160509.72
97,LIMA,2021-02-17,165097.53
98,CENTRO-ORIENTE,2020-02-07,57040.61
99,SUR,2020-06-27,39529.79
100,NORTE,2019-12-10,187839.17
101,LIMA,2019-12-30,271296.12
102,NORTE,2021-01-25,184713.25
103,NORTE,2021-01-31,296.75
104,CENTRO-ORIENTE,2020-02-13,60477.71
105,SUR,2021-01-02,12520.37
106,SUR,2020-06-30,58634.7
107,LIMA,2021-02-20,186074.23
108,CENTRO-ORIENTE,2020-08-14,58930.08
109,SUR,2019-12-27,35701.76
110,CENTRO-ORIENTE,2021-04-03,32823.17
111,NORTE,2019-12-07,133181.65
112,LIMA,2021-02-23,144972.73
113,LIMA,2020-01-02,91360.89
114,SUR,2020-07-03,37965.39
115,SUR,2020-12-30,64917.5
116,CENTRO-ORIENTE,2020-02-10,45825.01
117,NORTE,2021-01-28,212341.18
118,NORTE,2020-02-09,324.1
119,CENTRO-ORIENTE,2021-04-12,42866.51
120,LIMA,2020-10-21,174790.65
121,SUR,2020-10-30,38638.2
122,LIMA,2021-04-25,636.0
123,CENTRO-ORIENTE,2021-04-06,50152.55
124,NORTE,2020-09-28,144469.04
125,LIMA,2019-09-02,205911.62
126,NORTE,2021-04-02,2548.59
127,SUR,2020-11-02,13799.9
128,SUR,2019-09-08,47.5
129,LIMA,2021-04-28,136520.05
130,CENTRO-ORIENTE,2021-04-09,58017.55
131,LIMA,2020-10-24,181567.31
132,CENTRO-ORIENTE,2020-10-05,70466.63
133,NORTE,2021-04-05,132231.54
134,LIMA,2021-04-22,154199.32
135,NORTE,2020-11-25,146449.14
136,CENTRO-ORIENTE,2019-11-26,40576.07
137,LIMA,2020-06-12,263243.76
138,CENTRO-ORIENTE,2020-11-29,8634.72
139,CENTRO-ORIENTE,2020-05-27,68016.49
140,NORTE,2020-05-23,119444.26
141,LIMA,2020-12-15,220385.02
142,SUR,2020-10-12,32747.73
143,SUR,2021-04-16,35764.53
144,SUR,2020-10-15,59927.76
145,NORTE,2020-11-22,171.0
146,LIMA,2020-12-18,257185.9
147,SUR,2021-04-19,56601.9
148,CENTRO-ORIENTE,2020-05-30,81315.49
149,NORTE,2020-05-20,171528.49
150,LIMA,2020-06-15,226335.74
151,CENTRO-ORIENTE,2020-12-02,53130.09
152,NORTE,2020-11-19,161572.87
153,SUR,2020-04-15,118391.65
154,NORTE,2021-05-24,151349.46
155,SUR,2020-04-21,46496.68
156,CENTRO-ORIENTE,2019-12-02,23401.02
157,LIMA,2021-06-16,131384.69
158,LIMA,2019-10-21,231725.03
159,NORTE,2021-05-21,123891.66
160,NORTE,2019-09-25,198269.39
161,CENTRO-ORIENTE,2021-01-23,66302.16
162,SUR,2021-06-10,43552.99
163,CENTRO-ORIENTE,2019-11-29,39386.01
164,LIMA,2020-12-09,148333.89
165,SUR,2020-04-18,34455.93
166,CENTRO-ORIENTE,2020-06-02,69686.16
167,NORTE,2020-11-16,252771.89
168,SUR,2020-10-21,43912.3
169,LIMA,2021-06-13,987.2
170,LIMA,2019-10-18,242911.92
171,LIMA,2020-12-12,178834.14
172,NORTE,2019-09-28,147959.72
173,LIMA,2020-04-21,217418.78
174,CENTRO-ORIENTE,2021-01-29,79660.44
175,NORTE,2019-11-28,158203.76
176,LIMA,2020-08-09,15137.0
177,CENTRO-ORIENTE,2020-07-27,68369.48
178,LIMA,2019-12-21,282365.13
179,SUR,2020-02-14,43924.99
180,NORTE,2021-01-19,154287.76
181,SUR,2020-08-18,52699.5
182,SUR,2021-02-20,12685.06
183,LIMA,2021-02-08,136962.85
184,NORTE,2020-07-17,136072.17
185,CENTRO-ORIENTE,2020-07-24,48562.52
186,LIMA,2021-02-14,1325.07
187,LIMA,2020-08-12,222633.49
188,CENTRO-ORIENTE,2019-12-05,48477.3
189,SUR,2020-08-21,71834.08
190,NORTE,2021-01-22,138639.09
191,SUR,2020-08-15,31333.27
192,CENTRO-ORIENTE,2021-01-26,53461.93
193,NORTE,2020-07-20,190404.34
194,LIMA,2021-02-11,102351.73
195,LIMA,2019-12-15,26291.61
196,CENTRO-ORIENTE,2020-08-02,5688.47
197,NORTE,2019-11-19,199290.79
198,LIMA,2020-06-18,263752.12
199,NORTE,2019-11-25,181630.66
200,CENTRO-ORIENTE,2020-07-30,61261.49
201,LIMA,2019-12-12,234460.4
202,LIMA,2019-12-18,206859.82
203,SUR,2020-02-20,46500.83
204,SUR,2020-02-17,37276.81
205,NORTE,2020-05-26,244496.53
206,CENTRO-ORIENTE,2020-01-29,45726.4
207,NORTE,2021-01-16,115260.3
208,NORTE,2019-11-22,195301.88
209,SUR,2021-04-13,40135.94
210,NORTE,2021-03-18,155750.04
211,SUR,2019-12-18,46222.01
212,CENTRO-ORIENTE,2021-03-22,39512.85
213,NORTE,2020-01-25,140060.05
214,NORTE,2020-01-28,188775.24
215,LIMA,2020-02-17,209683.63
216,CENTRO-ORIENTE,2020-02-01,29412.04
217,CENTRO-ORIENTE,2021-03-25,69115.49
218,LIMA,2021-04-10,120374.72
219,NORTE,2021-03-21,354.75
220,NORTE,2021-03-15,152622.29
221,SUR,2020-06-18,45870.77
222,SUR,2020-06-24,57035.74
223,LIMA,2021-04-07,171667.22
224,SUR,2019-12-21,44047.72
225,CENTRO-ORIENTE,2021-03-28,11163.37
226,LIMA,2021-04-13,119730.07
227,LIMA,2020-02-20,177769.07
228,CENTRO-ORIENTE,2020-02-04,42653.63
229,NORTE,2020-07-23,129426.99
230,NORTE,2020-01-19,4531.7
231,SUR,2019-12-24,34064.26
232,LIMA,2020-08-15,188547.52
233,CENTRO-ORIENTE,2020-09-26,52554.43
234,LIMA,2020-02-11,213030.5
235,CENTRO-ORIENTE,2021-03-31,97988.63
236,CENTRO-ORIENTE,2020-03-27,51450.82
237,SUR,2021-02-17,28350.59
238,CENTRO-ORIENTE,2020-09-29,98152.2
239,NORTE,2020-07-26,3568.0
240,NORTE,2020-01-22,183241.96
241,CENTRO-ORIENTE,2020-09-23,55631.03
242,LIMA,2020-08-18,186896.15
243,LIMA,2020-02-14,192663.11
244,SUR,2021-02-11,31032.03
245,SUR,2021-06-19,37098.6
246,NORTE,2020-03-26,170206.2
247,CENTRO-ORIENTE,2020-10-02,42526.02
248,CENTRO-ORIENTE,2021-05-22,53137.41
249,LIMA,2021-06-10,151744.04
250,SUR,2019-10-21,32418.89
251,NORTE,2021-05-15,76887.71
252,SUR,2020-04-24,52233.91
253,LIMA,2019-10-15,197413.31
254,CENTRO-ORIENTE,2019-09-29,7768.08
255,CENTRO-ORIENTE,2020-04-02,59156.83
256,LIMA,2020-04-18,220344.48
257,SUR,2021-06-16,49179.11
258,LIMA,2020-04-15,242744.16
259,LIMA,2020-10-18,743.7
260,NORTE,2020-03-23,129455.62
261,LIMA,2021-06-07,132351.47
262,CENTRO-ORIENTE,2021-05-25,42428.42
263,SUR,2020-12-12,37147.86
264,NORTE,2020-09-25,135091.0
265,NORTE,2021-05-18,117767.01
266,CENTRO-ORIENTE,2019-09-26,51868.4
267,CENTRO-ORIENTE,2020-03-30,42515.03
268,SUR,2019-10-24,32552.74
269,SUR,2019-10-18,33296.82
270,NORTE,2019-12-23,248892.83
271,CENTRO-ORIENTE,2021-02-23,65400.59
272,LIMA,2021-03-08,119773.3
273,SUR,2019-11-15,72436.74
274,LIMA,2020-01-15,228073.96
275,CENTRO-ORIENTE,2019-12-30,71707.49
276,CENTRO-ORIENTE,2020-08-21,61552.07
277,LIMA,2021-03-11,174521.34
278,CENTRO-ORIENTE,2021-02-20,59345.12
279,NORTE,2019-12-26,229350.08
280,LIMA,2020-09-06,40.42
281,NORTE,2021-02-16,101124.56
282,SUR,2019-11-18,39331.87
283,NORTE,2020-08-14,144495.16
284,NORTE,2021-02-13,130617.48
285,SUR,2020-05-19,50312.93
286,SUR,2021-01-09,39370.53
287,LIMA,2020-01-18,229755.35
288,LIMA,2020-01-09,263820.08
289,LIMA,2020-07-13,178321.28
290,NORTE,2019-12-17,204754.86
291,SUR,2019-11-21,65214.54
292,NORTE,2020-06-20,110686.85
293,NORTE,2021-02-10,109488.36
294,SUR,2021-01-12,64007.5
295,SUR,2020-07-10,36430.85
296,CENTRO-ORIENTE,2020-02-23,10.0
297,CENTRO-ORIENTE,2020-08-27,91213.38
298,NORTE,2019-12-20,188920.52
299,CENTRO-ORIENTE,2021-02-26,60817.29
300,LIMA,2020-07-16,174278.6
301,LIMA,2021-03-05,137008.35
302,SUR,2020-07-13,46727.49
303,NORTE,2020-06-23,178600.34
304,CENTRO-ORIENTE,2020-02-20,48719.78
305,SUR,2021-01-15,48308.5
306,LIMA,2020-01-12,2069.39
307,CENTRO-ORIENTE,2020-08-24,50037.46
308,LIMA,2020-03-16,327618.03
309,CENTRO-ORIENTE,2020-02-26,56714.1
310,SUR,2019-09-21,41306.39
311,SUR,2021-05-17,37098.42
312,NORTE,2021-04-12,127063.33
313,LIMA,2019-09-12,243510.33
314,CENTRO-ORIENTE,2021-04-19,41448.27
315,LIMA,2021-05-05,144985.59
316,SUR,2020-11-12,38905.34
317,NORTE,2020-02-19,159280.07
318,SUR,2020-03-22,93.0
319,CENTRO-ORIENTE,2020-02-29,68886.19
320,SUR,2019-09-18,36497.33
321,LIMA,2019-09-09,180157.77
322,NORTE,2021-04-15,123565.57
323,CENTRO-ORIENTE,2021-04-22,33551.68
324,SUR,2021-05-14,28414.06
325,LIMA,2020-03-13,364950.91
326,LIMA,2021-05-08,161150.84
327,SUR,2020-11-09,47015.03
328,CENTRO-ORIENTE,2020-10-18,5784.22
329,NORTE,2020-02-22,126040.57
330,NORTE,2020-08-17,223873.1
331,NORTE,2021-02-19,113311.82
332,SUR,2019-11-12,42268.39
333,LIMA,2020-03-10,235510.42
334,NORTE,2020-08-23,172.75
335,SUR,2020-05-16,43390.96
336,CENTRO-ORIENTE,2020-10-21,55641.17
337,CENTRO-ORIENTE,2021-04-25,3725.54
338,SUR,2020-11-18,45902.89
339,LIMA,2020-09-12,218125.98
340,CENTRO-ORIENTE,2020-04-21,54601.26
341,SUR,2020-05-13,81841.71
342,NORTE,2020-08-20,239605.25
343,CENTRO-ORIENTE,2020-10-24,46809.65
344,CENTRO-ORIENTE,2019-09-02,23978.02
345,NORTE,2020-02-16,14.0
346,LIMA,2020-09-09,186739.57
347,LIMA,2020-09-15,219374.15
348,NORTE,2020-04-20,148212.35
349,CENTRO-ORIENTE,2020-10-27,52286.11
350,LIMA,2020-05-13,241864.39
351,SUR,2020-09-12,27300.61
352,SUR,2021-03-17,53471.38
353,NORTE,2019-10-17,161016.32
354,CENTRO-ORIENTE,2020-04-24,47644.96
355,LIMA,2019-11-09,233461.62
356,CENTRO-ORIENTE,2019-10-24,57926.73
357,CENTRO-ORIENTE,2021-06-19,44866.13
358,LIMA,2020-11-12,216573.1
359,NORTE,2020-04-23,132409.32
360,NORTE,2020-04-17,144764.82
361,SUR,2020-09-09,44334.28
362,CENTRO-ORIENTE,2020-04-27,53560.95
363,CENTRO-ORIENTE,2020-04-30,62529.33
364,NORTE,2021-06-12,121732.58
365,SUR,2020-09-15,40516.55
366,NORTE,2020-10-20,158897.9
367,SUR,2020-03-13,92935.08
368,CENTRO-ORIENTE,2021-06-16,49620.0
369,LIMA,2020-05-07,213928.74
370,CENTRO-ORIENTE,2021-06-22,2174.13
371,CENTRO-ORIENTE,2020-12-18,76760.26
372,NORTE,2021-04-18,84.0
373,LIMA,2019-09-18,238266.18
374,SUR,2021-05-08,29133.18
375,SUR,2020-09-18,77846.92
376,SUR,2021-05-11,34118.79
377,NORTE,2021-04-21,211189.85
378,LIMA,2021-05-11,138437.55
379,NORTE,2020-10-17,144601.27
380,NORTE,2020-04-14,141792.72
381,LIMA,2020-11-06,216109.83
382,CENTRO-ORIENTE,2019-10-30,57712.48
383,SUR,2020-03-16,63192.21
384,CENTRO-ORIENTE,2020-12-21,58846.47
385,LIMA,2019-09-15,1461.36
386,NORTE,2020-10-14,173022.75
387,CENTRO-ORIENTE,2019-10-27,12196.87
388,SUR,2020-03-19,23001.62
389,LIMA,2021-05-14,151669.55
390,LIMA,2020-11-09,158397.64
391,CENTRO-ORIENTE,2019-11-02,13740.43
392,SUR,2020-01-12,22.0
393,CENTRO-ORIENTE,2020-06-24,31585.12
394,CENTRO-ORIENTE,2020-12-27,8955.23
395,SUR,2020-07-16,48871.22
396,LIMA,2021-01-12,215518.9
397,LIMA,2020-07-07,193701.96
398,NORTE,2020-12-17,172905.26
399,SUR,2020-01-15,73244.48
400,LIMA,2020-07-10,157008.11
401,CENTRO-ORIENTE,2020-12-24,52311.61
402,NORTE,2020-06-17,170347.46
403,LIMA,2021-01-09,215047.63
404,NORTE,2020-12-20,2917.12
405,SUR,2020-03-23,41261.43
406,NORTE,2021-06-22,9881.86
407,NORTE,2021-06-16,105481.4
408,CENTRO-ORIENTE,2020-12-25,7355.87
409,NORTE,2019-10-24,286469.35
410,LIMA,2021-01-10,12498.9
411,LIMA,2019-11-19,223706.39
412,SUR,2020-09-22,42075.99
413,SUR,2020-03-20,40092.23
414,NORTE,2020-12-15,244199.02
415,SUR,2019-09-16,55858.89
416,NORTE,2021-06-19,205715.82
417,NORTE,2020-04-27,179767.84
418,SUR,2021-05-12,33759.52
419,LIMA,2020-05-20,193240.02
420,NORTE,2019-10-27,190.34
421,CENTRO-ORIENTE,2020-12-22,71074.04
422,CENTRO-ORIENTE,2020-05-04,49844.91
423,LIMA,2021-01-07,225208.59
424,SUR,2020-03-17,51682.56
425,LIMA,2019-11-16,237911.06
426,NORTE,2020-12-18,182211.57
427,CENTRO-ORIENTE,2019-10-31,99453.08
428,NORTE,2020-04-18,157448.32
429,SUR,2021-05-21,48408.76
430,NORTE,2020-04-24,94375.96
431,CENTRO-ORIENTE,2020-06-28,175.0
432,CENTRO-ORIENTE,2020-12-31,67072.21
433,LIMA,2020-05-11,194853.21
434,SUR,2019-09-19,28828.07
435,LIMA,2020-05-17,13063.0
436,NORTE,2019-10-21,156623.57
437,SUR,2019-09-25,49042.34
438,SUR,2021-05-15,21199.11
439,LIMA,2019-11-13,227754.36
440,SUR,2020-03-26,69877.47
441,CENTRO-ORIENTE,2020-06-25,52412.89
442,NORTE,2020-04-21,159678.63
443,LIMA,2020-11-16,232179.22
444,SUR,2021-05-18,35420.18
445,LIMA,2020-05-14,225731.59
446,CENTRO-ORIENTE,2020-12-28,55217.38
447,SUR,2020-11-13,35318.72
448,CENTRO-ORIENTE,2019-11-06,64143.01
449,NORTE,2020-10-24,305244.17
450,LIMA,2020-07-17,161086.0
451,SUR,2021-03-15,37667.22
452,NORTE,2019-12-21,141827.28
453,NORTE,2020-06-24,173679.28
454,CENTRO-ORIENTE,2019-12-28,81574.22
455,SUR,2020-01-25,78018.98
456,LIMA,2020-01-13,227392.45
457,NORTE,2019-12-24,107572.79
458,CENTRO-ORIENTE,2020-07-01,33040.35
459,SUR,2021-03-12,32981.64
460,LIMA,2020-07-20,176171.28
461,NORTE,2020-06-27,144601.1
462,SUR,2020-01-22,58921.47
463,LIMA,2020-01-16,258498.79
464,CENTRO-ORIENTE,2020-07-04,28757.84
465,CENTRO-ORIENTE,2019-12-31,83300.25
466,LIMA,2019-11-22,197656.78
467,CENTRO-ORIENTE,2021-02-21,3736.93
468,CENTRO-ORIENTE,2021-02-27,54513.98
469,LIMA,2020-07-11,206836.82
470,NORTE,2019-10-30,212399.16
471,LIMA,2021-01-13,240251.95
472,SUR,2021-03-21,615.25
473,NORTE,2020-06-18,160295.08
474,CENTRO-ORIENTE,2020-01-03,35902.58
475,NORTE,2020-12-21,211156.36
476,SUR,2020-09-16,41682.69
477,CENTRO-ORIENTE,2020-08-25,58074.78
478,LIMA,2020-07-14,207051.77
479,CENTRO-ORIENTE,2021-02-24,58429.01
480,NORTE,2020-06-21,38.0
481,SUR,2021-03-18,27198.43
482,LIMA,2021-01-16,253273.36
483,SUR,2020-09-19,29624.57
484,NORTE,2020-12-24,37307.66
485,NORTE,2020-08-21,161598.63
486,SUR,2019-11-25,32379.5
487,SUR,2020-07-14,41905.4
488,NORTE,2021-02-23,158139.63
489,LIMA,2020-03-14,409827.67
490,SUR,2021-01-16,33334.12
491,CENTRO-ORIENTE,2020-08-31,61686.79
492,NORTE,2020-02-17,208687.83
493,LIMA,2020-09-16,212499.58
494,CENTRO-ORIENTE,2020-02-27,69251.81
495,SUR,2021-01-19,45055.04
496,CENTRO-ORIENTE,2020-08-28,39144.33
497,SUR,2021-01-13,55148.19
498,CENTRO-ORIENTE,2021-03-02,37192.74
499,NORTE,2020-08-24,139906.76
500,CENTRO-ORIENTE,2020-02-24,41558.47
501,LIMA,2021-03-18,173126.92
502,LIMA,2020-09-13,5140.0
503,NORTE,2020-02-20,180226.23
504,SUR,2020-07-20,75950.52
505,LIMA,2021-03-12,192169.34
506,SUR,2020-01-16,36739.6
507,NORTE,2021-02-17,105781.51
508,LIMA,2020-01-19,1555.66
509,CENTRO-ORIENTE,2021-04-23,49062.24
510,NORTE,2021-02-14,1272.0
511,LIMA,2020-09-10,186484.4
512,CENTRO-ORIENTE,2020-03-04,35732.59
513,NORTE,2020-08-18,207702.16
514,SUR,2020-07-23,49575.53
515,LIMA,2021-03-15,176633.43
516,SUR,2020-07-17,35098.61
517,NORTE,2021-02-20,90971.25
518,LIMA,2021-03-09,133761.08
519,LIMA,2020-01-22,190504.29
520,NORTE,2019-12-27,201413.71
521,CENTRO-ORIENTE,2021-04-26,63934.98
522,LIMA,2020-11-13,205831.88
523,CENTRO-ORIENTE,2020-10-25,6455.84
524,NORTE,2020-10-15,120846.1
525,SUR,2020-05-20,49333.59
526,CENTRO-ORIENTE,2019-09-03,44801.17
527,NORTE,2021-04-25,328.25
528,NORTE,2020-10-21,158062.89
529,LIMA,2021-05-15,129928.7
530,SUR,2020-11-16,46861.94
531,CENTRO-ORIENTE,2021-04-29,54271.42
532,LIMA,2020-11-10,178433.88
533,CENTRO-ORIENTE,2020-10-28,42236.04
534,LIMA,2019-09-19,262999.18
535,NORTE,2021-04-22,228466.52
536,LIMA,2019-09-22,2114.23
537,CENTRO-ORIENTE,2019-09-06,51573.4
538,CENTRO-ORIENTE,2020-10-22,42229.91
539,NORTE,2020-10-18,27.0
540,SUR,2020-11-19,48321.35
541,NORTE,2020-07-25,97212.16
542,CENTRO-ORIENTE,2020-10-23,46951.7
543,SUR,2019-10-29,49953.15
544,LIMA,2021-02-19,146269.36
545,NORTE,2019-12-06,170697.38
546,LIMA,2020-08-17,174506.68
547,SUR,2021-06-21,44823.68
548,LIMA,2019-12-26,217104.61
549,CENTRO-ORIENTE,2020-10-17,45998.95
550,NORTE,2021-01-27,239612.19
551,SUR,2020-05-02,25141.29
552,SUR,2021-06-18,37267.86
553,LIMA,2021-02-16,152740.43
554,CENTRO-ORIENTE,2020-04-17,65413.99
555,NORTE,2019-12-03,158311.25
556,LIMA,2019-12-29,53825.89
557,SUR,2020-04-29,54805.12
558,CENTRO-ORIENTE,2021-04-24,53886.33
559,CENTRO-ORIENTE,2020-10-20,46062.29
560,SUR,2019-10-26,48080.35
561,NORTE,2021-01-24,880.71
562,NORTE,2019-11-30,436974.4
563,CENTRO-ORIENTE,2020-04-20,71185.83
564,LIMA,2020-06-26,204947.49
565,LIMA,2019-12-23,209209.19
566,CENTRO-ORIENTE,2020-04-26,275.0
567,NORTE,2021-01-21,124389.98
568,SUR,2020-12-23,42418.37
569,CENTRO-ORIENTE,2021-06-15,48777.05
570,LIMA,2020-06-23,225373.14
571,SUR,2019-11-01,14099.11
572,NORTE,2019-11-27,177531.59
573,CENTRO-ORIENTE,2019-10-20,5852.13
574,CENTRO-ORIENTE,2020-04-23,63297.83
575,LIMA,2019-12-20,230509.19
576,SUR,2020-12-20,181.01
577,CENTRO-ORIENTE,2019-10-23,41980.5
578,SUR,2020-12-26,41302.4
579,NORTE,2020-06-03,206697.52
580,LIMA,2020-12-26,206419.8
581,SUR,2020-03-02,28156.78
582,LIMA,2020-02-22,212101.56
583,NORTE,2020-02-05,158615.39
584,CENTRO-ORIENTE,2020-12-14,76308.5
585,LIMA,2020-08-26,196244.77
586,CENTRO-ORIENTE,2020-12-20,13570.01
587,NORTE,2020-01-30,160277.96
588,SUR,2020-10-20,33974.23
589,LIMA,2021-04-18,1752.44
590,CENTRO-ORIENTE,2019-10-26,39163.16
591,SUR,2021-04-24,36795.13
592,NORTE,2021-03-23,156658.51
593,CENTRO-ORIENTE,2021-06-21,39276.48
594,LIMA,2020-02-25,195831.11
595,SUR,2021-04-27,41277.2
596,CENTRO-ORIENTE,2020-12-17,69144.77
597,NORTE,2020-02-02,7.5
598,SUR,2020-10-23,39356.25
599,LIMA,2021-04-15,110017.08
600,NORTE,2020-08-03,175028.59
601,SUR,2021-04-21,32778.65
602,CENTRO-ORIENTE,2019-10-29,60550.57
603,NORTE,2021-03-26,264477.23
604,CENTRO-ORIENTE,2021-06-18,56714.16
605,SUR,2020-10-26,33491.8
606,NORTE,2020-01-27,194563.11
607,SUR,2019-09-04,39535.45
608,CENTRO-ORIENTE,2020-06-17,41897.36
609,CENTRO-ORIENTE,2020-12-23,82043.56
610,NORTE,2020-07-31,314350.21
611,LIMA,2020-02-19,167641.32
612,LIMA,2021-02-22,132271.0
613,NORTE,2020-07-28,63395.05
614,CENTRO-ORIENTE,2020-06-23,40287.81
615,SUR,2020-10-29,39156.89
616,LIMA,2020-08-20,189296.68
617,CENTRO-ORIENTE,2020-06-20,43131.08
618,SUR,2020-04-23,64744.99
619,NORTE,2021-01-30,440609.13
620,CENTRO-ORIENTE,2019-12-23,42356.84
621,LIMA,2020-10-23,271013.35
622,CENTRO-ORIENTE,2020-06-26,41057.92
623,NORTE,2020-03-28,144894.29
624,NORTE,2020-09-30,283979.11
625,CENTRO-ORIENTE,2021-02-13,30541.28
626,SUR,2020-08-26,46896.77
627,SUR,2021-02-28,1110.07
628,CENTRO-ORIENTE,2019-12-26,59192.31
629,CENTRO-ORIENTE,2019-12-20,36047.34
630,NORTE,2019-09-27,170392.08
631,LIMA,2020-04-20,182449.64
632,NORTE,2020-10-03,125519.41
633,LIMA,2021-06-15,136554.05
634,NORTE,2020-03-31,318358.27
635,NORTE,2021-05-23,219.58
636,LIMA,2019-10-20,56921.11
637,LIMA,2020-10-26,164050.89
638,SUR,2021-02-25,77217.07
639,LIMA,2020-04-23,225022.48
640,CENTRO-ORIENTE,2020-08-17,55134.9
641,LIMA,2020-10-17,186220.85
642,LIMA,2021-04-21,148809.32
643,SUR,2020-08-29,35997.47
644,SUR,2020-02-25,62939.2
645,NORTE,2020-09-24,114207.94
646,CENTRO-ORIENTE,2021-02-19,50657.34
647,NORTE,2021-03-29,194374.55
648,LIMA,2020-10-20,181217.2
649,CENTRO-ORIENTE,2021-02-22,44710.28
650,SUR,2020-02-28,60140.22
651,CENTRO-ORIENTE,2021-02-16,35519.94
652,NORTE,2020-09-27,128.12
653,SUR,2020-02-22,22375.06
654,LIMA,2021-04-24,199811.0
655,NORTE,2021-04-01,56956.66
656,LIMA,2020-02-28,203565.8
657,SUR,2020-06-29,49224.16
658,LIMA,2020-06-20,220140.67
659,SUR,2019-12-26,37120.27
660,NORTE,2021-06-01,59867.29
661,NORTE,2020-05-25,188749.69
662,CENTRO-ORIENTE,2020-02-19,57842.98
663,NORTE,2020-11-27,155433.09
664,SUR,2020-12-29,53113.55
665,LIMA,2020-12-23,207375.23
666,SUR,2020-06-26,63389.21
667,SUR,2019-12-23,34809.38
668,LIMA,2019-10-29,233734.16
669,CENTRO-ORIENTE,2020-02-22,45394.73
670,NORTE,2019-10-06,502.25
671,NORTE,2020-11-30,739208.21
672,CENTRO-ORIENTE,2020-02-16,6319.75
673,CENTRO-ORIENTE,2020-08-20,65699.19
674,SUR,2020-06-23,32922.93
675,LIMA,2020-12-20,7034.52
676,CENTRO-ORIENTE,2021-01-08,63646.05
677,LIMA,2020-05-03,28.0
678,SUR,2020-01-14,34426.71
679,LIMA,2019-09-14,217783.25
680,CENTRO-ORIENTE,2020-01-05,10660.65
681,NORTE,2020-10-13,126969.15
682,SUR,2020-01-17,46719.04
683,LIMA,2020-11-08,623.66
684,LIMA,2020-11-02,126440.83
685,CENTRO-ORIENTE,2020-07-09,32067.02
686,NORTE,2020-04-10,103.0
687,SUR,2020-09-05,32022.47
688,SUR,2021-03-10,38792.18
689,NORTE,2021-04-17,149457.5
690,LIMA,2021-05-10,127866.93
691,CENTRO-ORIENTE,2020-01-02,24347.02
692,NORTE,2020-10-16,182633.16
693,NORTE,2020-10-10,178706.92
694,CENTRO-ORIENTE,2020-07-06,40177.74
695,LIMA,2020-11-05,160787.5
696,NORTE,2021-04-08,160014.8
697,SUR,2021-03-13,24239.46
698,LIMA,2019-09-08,2289.81
699,CENTRO-ORIENTE,2020-01-11,47249.82
700,LIMA,2021-05-01,2374.29
701,SUR,2020-09-08,43231.78
702,NORTE,2021-04-14,122273.59
703,SUR,2020-09-14,77189.48
704,LIMA,2020-03-12,309201.14
705,CENTRO-ORIENTE,2021-03-01,42684.92
706,LIMA,2021-05-07,137799.48
707,NORTE,2021-04-11,410.63
708,SUR,2020-09-11,37453.42
709,LIMA,2021-05-04,138286.54
710,LIMA,2019-09-05,279737.38
711,LIMA,2019-09-11,239064.0
712,CENTRO-ORIENTE,2021-03-04,58987.03
713,SUR,2020-03-09,54993.96
714,CENTRO-ORIENTE,2020-01-08,90699.12
715,NORTE,2020-02-18,128457.67
716,CENTRO-ORIENTE,2020-03-03,48557.63
717,LIMA,2021-01-02,31315.11
718,CENTRO-ORIENTE,2020-09-05,47178.23
719,NORTE,2019-10-19,125236.46
720,LIMA,2019-11-11,221302.79
721,CENTRO-ORIENTE,2021-03-07,4378.37
722,NORTE,2021-06-11,97109.57
723,SUR,2020-07-06,48649.97
724,NORTE,2020-12-07,173895.44
725,SUR,2021-01-08,55284.08
726,CENTRO-ORIENTE,2020-09-02,40871.06
727,LIMA,2020-12-30,247833.64
728,NORTE,2020-12-13,1668.0
729,LIMA,2021-01-05,124926.05
730,NORTE,2019-10-22,201557.15
731,SUR,2020-07-09,43003.72
732,SUR,2021-01-11,64489.24
733,LIMA,2019-11-14,252457.3
734,NORTE,2021-06-14,138619.09
735,NORTE,2020-12-10,162323.05
736,CENTRO-ORIENTE,2021-03-10,59172.51
737,NORTE,2019-10-13,211.88
738,LIMA,2020-05-09,190184.13
739,CENTRO-ORIENTE,2020-03-09,39371.84
740,LIMA,2019-11-05,225614.02
741,SUR,2020-01-08,67487.51
742,SUR,2021-03-04,37565.3
743,CENTRO-ORIENTE,2019-09-05,57443.6
744,NORTE,2020-04-16,161362.84
745,CENTRO-ORIENTE,2021-05-01,129.0
746,NORTE,2020-04-19,844.0
747,SUR,2020-01-11,40804.96
748,LIMA,2020-05-06,204780.62
749,CENTRO-ORIENTE,2020-09-08,44937.57
750,LIMA,2020-05-12,196691.59
751,CENTRO-ORIENTE,2020-03-06,54752.28
752,NORTE,2019-10-16,191875.45
753,SUR,2020-07-15,41080.14
754,NORTE,2021-06-08,116149.59
755,LIMA,2019-11-08,222392.14
756,CENTRO-ORIENTE,2021-04-28,54048.42
757,NORTE,2020-04-13,236505.47
758,CENTRO-ORIENTE,2021-05-07,54063.18
759,SUR,2020-05-12,75354.65
760,NORTE,2019-12-19,216842.69
761,SUR,2019-11-08,43155.93
762,CENTRO-ORIENTE,2020-11-02,25095.36
763,NORTE,2021-02-06,108393.43
764,LIMA,2020-01-05,8562.0
765,CENTRO-ORIENTE,2019-09-11,62359.77
766,LIMA,2020-01-11,225380.94
767,SUR,2020-11-14,25995.39
768,CENTRO-ORIENTE,2021-05-04,38578.69
769,LIMA,2020-01-08,279277.2
770,SUR,2020-05-09,45275.47
771,CENTRO-ORIENTE,2020-10-30,61940.64
772,NORTE,2019-12-16,199483.85
773,CENTRO-ORIENTE,2020-03-12,91329.0
774,CENTRO-ORIENTE,2019-09-08,9314.63
775,NORTE,2020-06-19,157996.61
776,LIMA,2021-03-01,98336.76
777,NORTE,2019-12-13,201779.23
778,CENTRO-ORIENTE,2019-09-14,27025.32
779,SUR,2020-11-11,37660.79
780,NORTE,2020-06-13,183751.78
781,LIMA,2020-07-09,197991.57
782,NORTE,2020-06-16,144378.96
783,LIMA,2021-01-08,208205.21
784,SUR,2020-05-15,56303.75
785,NORTE,2020-06-10,144841.07
786,SUR,2019-11-11,44851.92
787,CENTRO-ORIENTE,2020-11-05,45378.47
788,LIMA,2020-07-03,215748.98
789,CENTRO-ORIENTE,2020-11-08,7770.75
790,SUR,2019-11-14,29538.53
791,LIMA,2020-07-06,175576.64
792,CENTRO-ORIENTE,2020-05-06,57408.11
793,SUR,2021-01-05,52388.68
794,NORTE,2020-12-16,146810.88
795,LIMA,2020-09-05,206101.04
796,NORTE,2020-08-19,187979.01
797,CENTRO-ORIENTE,2020-05-09,45582.15
798,SUR,2019-09-11,53630.06
799,NORTE,2020-08-13,141758.27
800,SUR,2021-05-04,27856.38
801,SUR,2020-03-12,85554.24
802,NORTE,2020-02-15,146463.17
803,SUR,2020-03-18,47320.49
804,LIMA,2020-09-08,188221.36
805,LIMA,2020-03-06,201247.46
806,CENTRO-ORIENTE,2019-11-05,48753.91
807,CENTRO-ORIENTE,2020-05-12,54824.08
808,NORTE,2020-02-12,193848.79
809,CENTRO-ORIENTE,2020-12-30,75832.82
810,SUR,2021-05-07,31860.36
811,CENTRO-ORIENTE,2020-03-28,59584.14
812,NORTE,2020-07-02,143772.37
813,CENTRO-ORIENTE,2021-05-20,87842.31
814,SUR,2020-05-25,47862.27
815,LIMA,2020-01-21,234958.42
816,CENTRO-ORIENTE,2021-05-17,69575.95
817,SUR,2020-05-22,47433.5
818,SUR,2020-11-24,45557.09
819,SUR,2021-05-29,23576.38
820,CENTRO-ORIENTE,2019-09-21,36444.15
821,LIMA,2020-07-25,197272.89
822,LIMA,2021-01-24,1153.64
823,CENTRO-ORIENTE,2020-03-25,50300.24
824,NORTE,2020-06-29,205160.73
825,SUR,2019-10-03,30516.93
826,SUR,2020-11-27,54605.55
827,CENTRO-ORIENTE,2021-05-14,58790.92
828,NORTE,2019-12-29,16216.81
829,SUR,2020-11-21,24886.47
830,CENTRO-ORIENTE,2019-09-24,32380.72
831,LIMA,2020-07-22,166559.12
832,LIMA,2021-01-21,179142.34
833,NORTE,2019-11-07,171912.76
834,SUR,2019-11-27,44786.74
835,CENTRO-ORIENTE,2020-11-21,40112.38
836,NORTE,2020-12-29,325206.61
837,CENTRO-ORIENTE,2020-11-15,7243.77
838,NORTE,2020-06-26,170565.44
839,CENTRO-ORIENTE,2019-09-27,49944.67
840,LIMA,2019-11-27,226094.72
841,CENTRO-ORIENTE,2020-11-18,49430.05
842,NORTE,2019-11-04,171937.71
843,LIMA,2021-01-18,223214.55
844,CENTRO-ORIENTE,2021-05-23,3897.4
845,SUR,2020-05-28,48206.25
846,NORTE,2020-12-26,133425.25
847,LIMA,2019-11-30,234813.46
848,SUR,2020-03-25,54375.18
849,CENTRO-ORIENTE,2020-05-25,72385.72
850,LIMA,2021-03-23,166631.66
851,NORTE,2020-08-29,203624.03
852,NORTE,2021-03-03,127023.24
853,CENTRO-ORIENTE,2020-05-19,47357.69
854,NORTE,2020-02-25,148748.08
855,LIMA,2020-09-18,198691.44
856,SUR,2020-09-30,92471.84
857,LIMA,2020-03-19,180684.42
858,SUR,2020-03-28,61826.21
859,NORTE,2021-02-28,110.5
860,NORTE,2020-08-26,196170.26
861,CENTRO-ORIENTE,2019-11-18,34416.53
862,CENTRO-ORIENTE,2020-11-24,57349.72
863,LIMA,2020-09-21,167887.4
864,LIMA,2021-03-26,252193.96
865,CENTRO-ORIENTE,2020-05-22,41283.11
866,CENTRO-ORIENTE,2019-11-24,36.0
867,SUR,2019-09-30,128877.41
868,NORTE,2021-02-25,176910.01
869,SUR,2019-09-27,44587.66
870,CENTRO-ORIENTE,2021-01-15,69634.53
871,CENTRO-ORIENTE,2019-11-21,43393.71
872,NORTE,2020-01-01,7.5
873,NORTE,2021-02-22,160186.11
874,SUR,2021-05-26,42000.95
875,NORTE,2020-07-05,296.5
876,SUR,2021-05-20,44593.73
877,LIMA,2020-01-27,197554.92
878,LIMA,2021-03-17,182765.96
879,SUR,2019-09-24,34470.3
880,CENTRO-ORIENTE,2019-11-27,66574.54
881,NORTE,2020-01-04,112226.87
882,LIMA,2021-03-20,182907.32
883,LIMA,2020-01-24,215440.7
884,SUR,2020-03-31,59065.56
885,LIMA,2020-07-28,40696.21
886,NORTE,2020-03-05,137663.45
887,CENTRO-ORIENTE,2020-07-19,7737.83
888,LIMA,2020-11-15,664.76
889,SUR,2021-03-23,35462.43
890,LIMA,2020-03-28,205927.84
891,SUR,2020-07-31,68171.29
892,NORTE,2019-09-07,126852.43
893,LIMA,2019-09-27,246712.24
894,NORTE,2021-04-27,214488.15
895,SUR,2020-01-27,54436.51
896,CENTRO-ORIENTE,2021-01-21,63632.81
897,NORTE,2020-10-23,211832.92
898,NORTE,2020-10-26,266778.12
899,LIMA,2021-05-23,2290.5
900,CENTRO-ORIENTE,2020-07-22,43232.85
901,SUR,2021-03-20,30992.57
902,LIMA,2020-11-18,177494.75
903,NORTE,2019-09-04,163427.09
904,CENTRO-ORIENTE,2021-01-18,56799.09
905,LIMA,2019-09-24,298688.52
906,SUR,2020-01-30,36752.08
907,NORTE,2021-04-30,453564.19
908,CENTRO-ORIENTE,2020-07-16,46739.49
909,LIMA,2019-09-30,294922.49
910,LIMA,2021-05-20,175908.38
911,CENTRO-ORIENTE,2020-07-25,61559.61
912,LIMA,2020-03-22,829.71
913,SUR,2020-02-02,49.05
914,LIMA,2020-09-24,194592.62
915,CENTRO-ORIENTE,2020-01-21,51837.15
916,SUR,2021-03-29,53725.32
917,LIMA,2019-09-21,213996.18
918,SUR,2020-09-24,45118.78
919,LIMA,2021-05-17,121897.43
920,NORTE,2020-03-02,160186.9
921,CENTRO-ORIENTE,2020-01-24,66630.54
922,LIMA,2020-03-25,174169.32
923,CENTRO-ORIENTE,2020-01-18,51313.47
924,SUR,2021-03-26,40671.15
925,NORTE,2021-04-24,177895.69
926,NORTE,2020-02-28,151565.32
927,SUR,2020-09-21,34417.01
928,CENTRO-ORIENTE,2021-03-14,7926.85
929,NORTE,2020-09-01,106245.92
930,LIMA,2020-05-28,205779.25
931,CENTRO-ORIENTE,2021-03-20,48529.85
932,NORTE,2019-11-01,53616.23
933,CENTRO-ORIENTE,2020-09-15,51302.46
934,NORTE,2020-05-05,211734.13
935,LIMA,2021-01-15,209589.01
936,NORTE,2020-05-02,101403.7
937,SUR,2021-01-18,68808.26
938,NORTE,2020-12-23,191091.42
939,SUR,2019-12-03,32830.62
940,LIMA,2019-11-21,208968.81
941,CENTRO-ORIENTE,2021-03-17,61592.56
942,CENTRO-ORIENTE,2021-03-23,47974.93
943,LIMA,2020-05-25,168055.45
944,SUR,2021-01-21,41709.45
945,CENTRO-ORIENTE,2020-01-27,54674.54
946,LIMA,2020-04-10,98.0
947,CENTRO-ORIENTE,2021-01-31,3575.38
948,NORTE,2019-09-14,112744.81
949,NORTE,2020-03-18,145116.45
950,LIMA,2021-06-02,120002.23
951,CENTRO-ORIENTE,2019-12-10,45465.69
952,NORTE,2021-05-07,171128.8
953,NORTE,2021-05-13,96134.56
954,LIMA,2019-10-07,205752.41
955,SUR,2020-08-10,47542.87
956,LIMA,2020-04-13,223290.69
957,SUR,2020-08-13,31492.62
958,NORTE,2019-09-17,166156.75
959,CENTRO-ORIENTE,2021-02-03,70855.11
960,NORTE,2020-03-21,159962.28
961,LIMA,2020-04-07,200999.38
962,CENTRO-ORIENTE,2020-08-01,31914.06
963,LIMA,2021-05-30,3731.24
964,CENTRO-ORIENTE,2019-12-13,44349.12
965,NORTE,2021-05-10,153905.39
966,LIMA,2019-10-10,212332.76
967,SUR,2021-04-05,32819.55
968,NORTE,2020-09-11,131686.61
969,SUR,2020-02-12,60995.61
970,LIMA,2020-10-04,653.26
971,CENTRO-ORIENTE,2020-08-07,68006.62
972,LIMA,2020-04-04,182811.12
973,CENTRO-ORIENTE,2021-02-06,51729.53
974,CENTRO-ORIENTE,2020-02-03,37547.27
975,NORTE,2020-09-14,166072.44
976,SUR,2021-04-08,42934.45
977,NORTE,2020-03-12,214057.45
978,LIMA,2020-10-10,161132.27
979,NORTE,2020-03-15,63.0
980,CENTRO-ORIENTE,2020-08-04,46241.62
981,LIMA,2020-10-07,201449.55
982,SUR,2020-02-15,37501.97
983,NORTE,2020-09-17,123244.72
984,CENTRO-ORIENTE,2020-02-09,524.75
985,SUR,2019-12-16,34334.41
986,NORTE,2020-05-15,207201.54
987,LIMA,2020-12-10,193779.35
988,SUR,2021-02-03,45898.23
989,CENTRO-ORIENTE,2021-04-02,9663.93
990,NORTE,2020-11-17,166565.31
991,SUR,2020-06-16,35572.09
992,SUR,2019-12-13,48490.0
993,NORTE,2019-11-11,207498.03
994,LIMA,2020-06-04,212504.22
995,LIMA,2020-06-10,215229.49
996,NORTE,2020-05-12,185923.09
997,CENTRO-ORIENTE,2020-02-06,59863.28
998,NORTE,2020-05-18,249591.35
999,CENTRO-ORIENTE,2020-08-10,49110.7
1000,SUR,2020-06-13,33723.61
1001,CENTRO-ORIENTE,2021-03-30,57248.36
1002,SUR,2019-12-10,76024.12
1003,LIMA,2020-06-07,167.0
1004,CENTRO-ORIENTE,2020-02-12,50348.9
1005,NORTE,2019-09-20,171833.12
1006,LIMA,2020-12-04,200570.4
1007,CENTRO-ORIENTE,2020-10-04,4625.78
1008,LIMA,2021-06-08,146912.76
1009,NORTE,2020-11-11,192099.69
1010,CENTRO-ORIENTE,2021-04-08,57578.47
1011,SUR,2021-02-06,32017.24
1012,NORTE,2020-11-08,234.75
1013,SUR,2021-02-12,54259.24
1014,LIMA,2019-10-13,1504.67
1015,SUR,2019-12-19,34086.01
1016,LIMA,2020-12-07,205184.65
1017,CENTRO-ORIENTE,2020-10-01,21991.66
1018,LIMA,2020-12-01,122388.22
1019,NORTE,2020-11-14,244519.75
1020,CENTRO-ORIENTE,2021-04-05,52599.93
1021,LIMA,2021-06-05,173532.04
1022,SUR,2021-02-09,50937.3
1023,LIMA,2019-10-16,202035.35
1024,SUR,2020-08-07,73318.36
1025,CENTRO-ORIENTE,2021-05-30,3235.58
1026,LIMA,2020-08-07,224663.43
1027,SUR,2020-12-07,58160.11
1028,SUR,2021-06-08,32211.62
1029,NORTE,2021-01-17,1948.75
1030,LIMA,2020-08-04,209623.21
1031,CENTRO-ORIENTE,2020-10-07,67103.75
1032,NORTE,2020-07-15,194868.65
1033,CENTRO-ORIENTE,2020-04-04,45428.01
1034,LIMA,2021-02-06,131349.99
1035,SUR,2019-10-19,31671.47
1036,NORTE,2021-01-11,212416.45
1037,SUR,2020-12-04,44556.91
1038,NORTE,2020-07-12,25.75
1039,LIMA,2021-02-03,197019.46
1040,CENTRO-ORIENTE,2020-04-07,47715.27
1041,CENTRO-ORIENTE,2019-10-04,53825.45
1042,NORTE,2021-01-14,152621.89
1043,SUR,2021-06-11,32361.35
1044,SUR,2019-10-16,35741.51
1045,CENTRO-ORIENTE,2020-10-10,48651.73
1046,LIMA,2021-02-09,140231.64
1047,CENTRO-ORIENTE,2019-10-07,41364.82
1048,LIMA,2019-12-13,212060.52
1049,NORTE,2021-01-08,131366.45
1050,CENTRO-ORIENTE,2020-12-01,29454.9
1051,NORTE,2019-11-17,122.5
1052,LIMA,2021-01-31,63318.69
1053,SUR,2020-06-10,48249.56
1054,LIMA,2019-12-07,230326.15
1055,CENTRO-ORIENTE,2021-06-05,44072.76
1056,NORTE,2020-05-21,220661.24
1057,LIMA,2019-12-10,256454.0
1058,CENTRO-ORIENTE,2021-06-02,39593.86
1059,CENTRO-ORIENTE,2019-10-10,57146.55
1060,SUR,2020-12-10,43512.99
1061,LIMA,2020-06-13,260433.07
1062,NORTE,2019-11-20,174461.76
1063,NORTE,2019-11-14,148976.71
1064,CENTRO-ORIENTE,2019-10-13,6608.66
1065,LIMA,2021-04-08,140815.33
1066,CENTRO-ORIENTE,2020-06-01,42019.61
1067,SUR,2020-04-07,58155.05
1068,SUR,2020-10-10,28935.53
1069,CENTRO-ORIENTE,2020-12-07,48270.79
1070,NORTE,2021-03-13,141750.52
1071,LIMA,2021-04-02,3.75
1072,SUR,2021-04-14,51153.66
1073,NORTE,2020-09-08,213146.19
1074,LIMA,2021-04-05,125554.02
1075,CENTRO-ORIENTE,2020-06-04,64542.9
1076,LIMA,2020-10-01,146681.03
1077,NORTE,2020-01-20,186222.52
1078,CENTRO-ORIENTE,2021-06-08,46759.17
1079,LIMA,2020-02-12,180227.18
1080,NORTE,2021-03-10,139413.24
1081,SUR,2021-02-18,30743.6
1082,LIMA,2020-10-19,159441.77
1083,NORTE,2020-09-26,130174.98
1084,LIMA,2020-10-13,194749.68
1085,SUR,2019-12-28,55399.6
1086,NORTE,2020-09-20,1253.0
1087,CENTRO-ORIENTE,2020-06-19,42818.98
1088,CENTRO-ORIENTE,2019-12-16,47381.03
1089,NORTE,2021-03-25,163358.19
1090,SUR,2021-02-15,31815.53
1091,SUR,2019-12-25,270.5
1092,CENTRO-ORIENTE,2020-12-19,59535.39
1093,LIMA,2021-04-20,133639.43
1094,LIMA,2020-10-16,146032.71
1095,CENTRO-ORIENTE,2020-06-16,39023.24
1096,NORTE,2021-03-28,108.42
1097,LIMA,2021-04-17,117104.71
1098,NORTE,2020-09-23,180627.91
1099,LIMA,2020-02-24,232938.55
1100,NORTE,2020-02-01,83884.29
1101,CENTRO-ORIENTE,2020-06-22,33283.45
1102,LIMA,2021-04-14,135749.72
1103,SUR,2020-08-22,30860.94
1104,SUR,2021-02-24,30841.74
1105,NORTE,2021-03-19,107116.17
1106,CENTRO-ORIENTE,2019-12-22,2037.92
1107,LIMA,2020-02-21,183794.42
1108,CENTRO-ORIENTE,2021-02-12,51753.32
1109,NORTE,2020-01-26,2060.15
1110,SUR,2020-02-18,95908.49
1111,NORTE,2020-01-29,171814.11
1112,CENTRO-ORIENTE,2021-02-09,59775.96
1113,LIMA,2020-02-18,205275.45
1114,LIMA,2021-04-11,539.36
1115,SUR,2020-08-19,53736.71
1116,CENTRO-ORIENTE,2019-12-19,45029.99
1117,NORTE,2021-03-22,204178.03
1118,LIMA,2021-06-14,130933.74
1119,NORTE,2021-05-28,101083.08
1120,CENTRO-ORIENTE,2020-08-13,52066.6
1121,SUR,2019-10-31,59010.55
1122,LIMA,2021-06-20,804.12
1123,NORTE,2021-05-22,114016.94
1124,CENTRO-ORIENTE,2021-02-15,30392.72
1125,SUR,2020-12-19,41426.81
1126,LIMA,2019-10-19,229811.7
1127,NORTE,2020-04-02,141603.93
1128,LIMA,2020-12-13,2101.38
1129,NORTE,2019-09-29,1898.5
1130,NORTE,2020-11-20,195893.53
1131,NORTE,2021-05-25,396666.19
1132,LIMA,2019-10-25,275103.45
1133,LIMA,2021-06-17,132738.98
1134,CENTRO-ORIENTE,2021-02-18,40856.97
1135,LIMA,2020-04-25,206179.33
1136,NORTE,2019-10-02,150852.45
1137,LIMA,2019-10-22,227767.68
1138,SUR,2020-12-22,42373.03
1139,SUR,2020-06-19,41629.62
1140,SUR,2019-10-28,49220.27
1141,CENTRO-ORIENTE,2019-12-25,5608.3
1142,NORTE,2019-09-26,152198.0
1143,SUR,2020-06-25,48181.27
1144,SUR,2019-12-22,1629.19
1145,NORTE,2020-03-24,161479.65
1146,CENTRO-ORIENTE,2020-08-19,72264.08
1147,NORTE,2020-03-30,199998.75
1148,NORTE,2021-05-19,107237.19
1149,CENTRO-ORIENTE,2020-02-15,34035.11
1150,LIMA,2020-04-22,217909.37
1151,LIMA,2020-04-16,216253.91
1152,NORTE,2019-09-23,185413.04
1153,SUR,2020-06-22,38983.11
1154,NORTE,2020-03-27,99190.04
1155,CENTRO-ORIENTE,2021-04-11,9491.33
1156,LIMA,2020-10-22,155899.42
1157,LIMA,2021-06-11,149314.44
1158,NORTE,2020-09-29,207305.35
1159,CENTRO-ORIENTE,2020-02-18,64259.68
1160,LIMA,2020-04-19,27397.0
1161,CENTRO-ORIENTE,2020-08-22,48013.68
1162,CENTRO-ORIENTE,2021-04-14,54766.17
1163,LIMA,2020-06-22,224325.21
1164,NORTE,2019-11-26,186035.47
1165,LIMA,2019-12-19,209786.68
1166,SUR,2020-10-22,43733.99
1167,CENTRO-ORIENTE,2020-02-21,48232.56
1168,CENTRO-ORIENTE,2021-04-17,27807.98
1169,SUR,2020-04-22,63020.95
1170,NORTE,2019-11-23,135979.6
1171,NORTE,2020-05-27,160361.09
1172,CENTRO-ORIENTE,2020-10-13,43886.52
1173,LIMA,2019-12-16,224435.49
1174,NORTE,2019-11-29,300007.53
1175,SUR,2021-06-14,40921.58
1176,LIMA,2020-06-19,216920.12
1177,LIMA,2019-12-22,66229.76
1178,NORTE,2020-05-30,304324.0
1179,SUR,2021-06-17,42684.44
1180,CENTRO-ORIENTE,2020-04-16,79284.36
1181,NORTE,2020-11-23,162088.09
1182,SUR,2020-04-28,49175.61
1183,LIMA,2020-12-19,272276.76
1184,NORTE,2020-11-29,925.78
1185,LIMA,2020-06-16,249097.69
1186,CENTRO-ORIENTE,2020-10-19,29065.8
1187,SUR,2019-10-25,43703.99
1188,NORTE,2020-11-26,113695.16
1189,SUR,2020-12-16,51170.88
1190,SUR,2019-10-22,82661.81
1191,NORTE,2020-05-24,1775.0
1192,LIMA,2020-12-16,246579.82
1193,SUR,2020-04-25,28391.08
1194,CENTRO-ORIENTE,2021-04-20,43770.87
1195,CENTRO-ORIENTE,2020-04-13,65858.55
1196,CENTRO-ORIENTE,2020-10-16,60949.45
1197,LIMA,2020-12-22,247347.51
1198,NORTE,2020-07-27,191568.99
1199,CENTRO-ORIENTE,2019-10-19,44035.19
1200,NORTE,2020-01-23,205528.2
1201,LIMA,2020-08-19,203036.94
1202,CENTRO-ORIENTE,2020-04-22,31531.54
1203,SUR,2020-02-21,28790.34
1204,LIMA,2020-02-15,172525.72
1205,CENTRO-ORIENTE,2021-06-11,49825.12
1206,NORTE,2020-07-24,206010.11
1207,NORTE,2020-07-30,245253.18
1208,LIMA,2020-08-16,3249.0
1209,SUR,2020-02-24,33417.23
1210,CENTRO-ORIENTE,2019-10-16,48340.28
1211,LIMA,2020-08-22,202304.01
1212,SUR,2020-08-25,77244.75
1213,SUR,2021-04-17,29251.48
1214,CENTRO-ORIENTE,2021-06-14,33038.16
1215,SUR,2020-02-27,41394.38
1216,LIMA,2021-02-15,211295.1
1217,NORTE,2020-06-09,233310.51
1218,LIMA,2021-01-04,93609.28
1219,SUR,2019-09-13,54557.23
1220,LIMA,2020-07-02,224750.4
1221,CENTRO-ORIENTE,2020-03-05,50665.56
1222,LIMA,2020-07-05,5620.75
1223,SUR,2020-11-04,36087.82
1224,LIMA,2020-01-01,6359.0
1225,CENTRO-ORIENTE,2021-04-27,43293.25
1226,CENTRO-ORIENTE,2020-03-02,27000.3
1227,NORTE,2020-06-12,202941.26
1228,NORTE,2019-12-09,213634.07
1229,CENTRO-ORIENTE,2020-03-08,174.0
1230,SUR,2020-11-01,6851.8
1231,SUR,2020-11-07,27258.03
1232,NORTE,2020-12-12,182006.12
1233,CENTRO-ORIENTE,2021-05-03,30258.49
1234,SUR,2020-05-08,44430.43
1235,NORTE,2019-10-15,162799.02
1236,LIMA,2020-12-29,279983.15
1237,CENTRO-ORIENTE,2020-10-29,53131.51
1238,SUR,2019-11-04,33534.11
1239,LIMA,2019-11-07,269280.55
1240,CENTRO-ORIENTE,2019-09-07,35627.93
1241,NORTE,2020-12-03,184950.63
1242,NORTE,2021-06-13,658.63
1243,SUR,2020-11-10,41891.68
1244,NORTE,2020-12-09,149602.41
1245,NORTE,2020-06-06,196122.96
1246,CENTRO-ORIENTE,2020-10-26,53425.0
1247,SUR,2020-05-11,67827.92
1248,LIMA,2020-06-29,146116.93
1249,NORTE,2019-10-18,166857.11
1250,SUR,2019-11-07,40298.69
1251,LIMA,2019-11-10,1441.79
1252,NORTE,2021-06-10,109893.23
1253,CENTRO-ORIENTE,2019-09-10,44575.94
1254,CENTRO-ORIENTE,2019-09-04,59490.9
1255,NORTE,2020-12-06,286.5
1256,SUR,2020-05-05,43503.54
1257,CENTRO-ORIENTE,2021-04-30,91424.52
1258,LIMA,2020-09-01,156092.11
1259,SUR,2020-09-10,44539.14
1260,CENTRO-ORIENTE,2020-11-04,51210.51
1261,NORTE,2020-08-09,32.92
1262,SUR,2020-09-04,40952.48
1263,LIMA,2021-03-06,122693.45
1264,NORTE,2020-08-06,122594.98
1265,SUR,2020-03-08,295.67
1266,CENTRO-ORIENTE,2020-05-05,55467.49
1267,NORTE,2021-02-08,162394.7
1268,LIMA,2020-01-10,229691.26
1269,CENTRO-ORIENTE,2020-11-01,4.0
1270,NORTE,2019-12-18,239876.17
1271,LIMA,2020-08-29,199986.63
1272,CENTRO-ORIENTE,2020-04-29,55376.68
1273,SUR,2020-09-07,40311.99
1274,LIMA,2021-03-03,126862.82
1275,CENTRO-ORIENTE,2020-05-02,44600.73
1276,NORTE,2021-02-11,151682.73
1277,SUR,2020-03-05,49735.6
1278,SUR,2021-04-30,173687.74
1279,LIMA,2020-01-07,280639.08
1280,SUR,2021-05-06,37974.67
1281,NORTE,2019-12-15,5715.98
1282,NORTE,2019-12-12,176936.42
1283,LIMA,2021-02-28,101187.71
1284,SUR,2019-09-10,59979.17
1285,CENTRO-ORIENTE,2019-11-01,24659.65
1286,SUR,2020-03-14,78531.35
1287,NORTE,2021-02-02,156706.56
1288,CENTRO-ORIENTE,2019-11-07,42217.79
1289,CENTRO-ORIENTE,2020-05-08,39584.38
1290,LIMA,2020-07-08,181340.62
1291,SUR,2021-05-03,16825.49
1292,CENTRO-ORIENTE,2020-12-26,41402.34
1293,SUR,2020-03-11,50586.85
1294,NORTE,2020-06-15,172852.28
1295,LIMA,2021-02-25,218017.56
1296,LIMA,2020-01-04,204904.06
1297,SUR,2019-09-07,37232.1
1298,NORTE,2021-02-05,165425.22
1299,CENTRO-ORIENTE,2019-11-04,30796.1
1300,LIMA,2021-04-27,143024.94
1301,NORTE,2021-04-10,143871.56
1302,CENTRO-ORIENTE,2021-01-04,37137.65
1303,NORTE,2020-10-06,209890.22
1304,SUR,2020-01-10,41151.31
1305,LIMA,2021-05-03,121258.13
1306,SUR,2020-01-04,41471.44
1307,CENTRO-ORIENTE,2020-12-29,73064.69
1308,LIMA,2020-03-08,12340.59
1309,LIMA,2019-09-04,280696.87
1310,LIMA,2020-10-29,298452.85
1311,CENTRO-ORIENTE,2020-06-29,50072.7
1312,LIMA,2021-04-30,356274.41
1313,LIMA,2019-09-07,272090.63
1314,NORTE,2021-04-07,130434.54
1315,SUR,2020-01-07,58674.45
1316,SUR,2020-07-11,31655.06
1317,LIMA,2020-03-11,223482.5
1318,NORTE,2020-02-14,178306.12
1319,NORTE,2020-08-15,121637.04
1320,CENTRO-ORIENTE,2020-07-02,41032.41
1321,NORTE,2020-02-11,169315.95
1322,SUR,2021-03-09,40309.2
1323,CENTRO-ORIENTE,2020-01-01,134.0
1324,SUR,2021-03-06,30194.54
1325,LIMA,2020-03-02,186990.34
1326,LIMA,2020-09-04,169936.24
1327,NORTE,2020-02-08,159838.18
1328,SUR,2020-01-13,41920.69
1329,NORTE,2020-08-12,156133.81
1330,SUR,2020-09-01,25561.81
1331,LIMA,2019-09-01,1867.95
1332,CENTRO-ORIENTE,2020-01-04,36690.27
1333,SUR,2021-03-03,38148.81
1334,CENTRO-ORIENTE,2019-12-29,6711.14
1335,LIMA,2020-09-07,169213.37
1336,LIMA,2020-03-05,215002.53
1337,CENTRO-ORIENTE,2020-07-08,41557.93
1338,CENTRO-ORIENTE,2021-02-25,71237.43
1339,LIMA,2020-05-05,184343.27
1340,SUR,2020-05-14,74142.76
1341,NORTE,2019-10-09,229279.99
1342,SUR,2019-11-10,327.5
1343,LIMA,2019-11-01,48622.67
1344,NORTE,2021-06-07,114187.77
1345,CENTRO-ORIENTE,2020-01-07,61740.12
1346,CENTRO-ORIENTE,2021-03-03,54608.96
1347,NORTE,2020-04-12,567.0
1348,SUR,2021-01-04,43258.85
1349,NORTE,2019-10-12,180263.07
1350,LIMA,2020-05-08,189069.92
1351,NORTE,2021-06-04,84349.9
1352,LIMA,2019-11-04,213282.47
1353,CENTRO-ORIENTE,2020-09-30,139753.62
1354,LIMA,2021-01-27,229953.69
1355,NORTE,2020-05-17,1238.0
1356,CENTRO-ORIENTE,2021-04-04,8969.86
1357,NORTE,2021-01-04,112111.68
1358,SUR,2020-04-09,21140.12
1359,LIMA,2019-12-09,195320.86
1360,NORTE,2019-11-13,157778.19
1361,SUR,2019-10-09,45805.73
1362,CENTRO-ORIENTE,2020-10-03,33884.19
1363,CENTRO-ORIENTE,2020-09-27,9268.42
1364,CENTRO-ORIENTE,2021-04-01,24768.27
1365,SUR,2020-04-06,64039.81
1366,NORTE,2021-01-07,172446.09
1367,LIMA,2021-01-30,563875.53
1368,LIMA,2019-12-06,204104.38
1369,NORTE,2019-11-16,147724.8
1370,LIMA,2020-06-09,238675.52
1371,SUR,2021-06-01,13261.97
1372,LIMA,2020-12-06,1742.31
1373,NORTE,2020-05-11,214771.0
1374,SUR,2019-10-12,91873.47
1375,CENTRO-ORIENTE,2020-10-06,41697.43
1376,SUR,2020-12-03,28943.1
1377,NORTE,2020-11-13,156166.07
1378,CENTRO-ORIENTE,2021-05-26,62434.71
1379,SUR,2021-06-04,34989.77
1380,LIMA,2019-12-03,239755.33
1381,CENTRO-ORIENTE,2020-04-06,33739.05
1382,SUR,2020-11-30,146127.36
1383,SUR,2019-10-15,44195.72
1384,LIMA,2020-06-06,219687.12
1385,CENTRO-ORIENTE,2020-03-31,69836.02
1386,NORTE,2020-05-14,190129.98
1387,SUR,2021-06-07,32161.26
1388,CENTRO-ORIENTE,2019-09-30,71694.25
1389,NORTE,2019-11-10,182.38
1390,LIMA,2020-06-03,215368.58
1391,CENTRO-ORIENTE,2020-04-03,60396.17
1392,SUR,2021-04-07,47829.95
1393,NORTE,2020-01-13,183120.04
1394,SUR,2021-04-01,19478.03
1395,CENTRO-ORIENTE,2021-06-01,27429.58
1396,LIMA,2020-02-05,205501.32
1397,CENTRO-ORIENTE,2019-10-09,52350.83
1398,CENTRO-ORIENTE,2019-10-03,66462.83
1399,LIMA,2021-03-29,192601.11
1400,CENTRO-ORIENTE,2020-11-27,58881.65
1401,LIMA,2020-02-02,5904.73
1402,CENTRO-ORIENTE,2021-05-29,47394.72
1403,LIMA,2020-08-06,185521.72
1404,SUR,2020-02-11,37729.17
1405,CENTRO-ORIENTE,2019-10-06,6521.38
1406,NORTE,2021-03-06,136874.92
1407,CENTRO-ORIENTE,2021-06-04,37459.17
1408,NORTE,2020-01-10,176473.96
1409,NORTE,2020-07-14,113203.94
1410,LIMA,2020-01-30,186126.2
1411,NORTE,2021-01-10,1073.71
1412,LIMA,2021-02-02,199398.77
1413,SUR,2020-04-03,57115.56
1414,NORTE,2020-07-11,129629.93
1415,CENTRO-ORIENTE,2020-05-31,540.0
1416,SUR,2020-10-06,29616.85
1417,NORTE,2020-01-07,209811.56
1418,LIMA,2020-07-31,264890.44
1419,SUR,2021-04-10,22217.21
1420,CENTRO-ORIENTE,2020-12-03,57544.8
1421,NORTE,2021-01-13,149494.75
1422,CENTRO-ORIENTE,2020-11-30,88080.15
1423,LIMA,2021-02-05,166083.91
1424,CENTRO-ORIENTE,2020-05-28,58868.18
1425,NORTE,2020-07-08,120832.47
1426,SUR,2020-10-09,28923.27
1427,SUR,2020-10-03,25976.99
1428,LIMA,2020-08-03,171509.0
1429,CENTRO-ORIENTE,2020-06-03,35165.4
1430,NORTE,2020-09-13,57.5
1431,NORTE,2020-03-11,209584.92
1432,CENTRO-ORIENTE,2019-12-06,44656.58
1433,LIMA,2020-10-06,164622.53
1434,CENTRO-ORIENTE,2019-11-30,78816.56
1435,LIMA,2020-03-31,338231.09
1436,SUR,2021-02-08,50205.34
1437,SUR,2020-08-06,76084.25
1438,SUR,2019-12-15,9611.68
1439,CENTRO-ORIENTE,2020-06-06,56918.78
1440,NORTE,2020-09-10,164374.86
1441,NORTE,2020-03-08,461.13
1442,SUR,2021-02-02,51367.06
1443,LIMA,2020-10-03,187822.37
1444,CENTRO-ORIENTE,2019-12-03,48426.91
1445,SUR,2021-02-05,36123.34
1446,LIMA,2020-04-03,210357.75
1447,SUR,2020-08-03,44184.65
1448,CENTRO-ORIENTE,2021-01-24,6086.16
1449,LIMA,2021-04-04,4702.49
1450,SUR,2020-08-12,47634.94
1451,CENTRO-ORIENTE,2021-01-27,74442.43
1452,SUR,2020-02-08,33498.97
1453,LIMA,2020-09-30,231103.93
1454,CENTRO-ORIENTE,2021-02-02,63195.43
1455,NORTE,2021-03-09,203028.26
1456,NORTE,2020-09-04,186383.16
1457,SUR,2020-02-05,40434.53
1458,NORTE,2020-01-16,147869.08
1459,CENTRO-ORIENTE,2021-01-30,112093.01
1460,LIMA,2020-09-27,967.4
1461,LIMA,2020-02-08,240964.91
1462,CENTRO-ORIENTE,2020-07-28,17652.42
1463,CENTRO-ORIENTE,2019-12-09,33237.54
1464,NORTE,2021-03-12,153334.85
1465,LIMA,2021-04-01,51417.12
1466,NORTE,2020-09-07,215604.14
1467,SUR,2020-12-09,49415.01
1468,SUR,2020-06-06,33715.77
1469,NORTE,2019-09-16,169752.02
1470,LIMA,2020-11-30,415903.87
1471,CENTRO-ORIENTE,2020-07-31,72717.83
1472,LIMA,2021-06-04,139936.58
1473,NORTE,2020-11-10,168441.65
1474,CENTRO-ORIENTE,2020-01-30,72334.64
1475,LIMA,2019-10-09,185723.22
1476,SUR,2020-06-03,108369.33
1477,NORTE,2019-09-19,147296.74
1478,NORTE,2020-05-08,156824.45
1479,LIMA,2020-12-03,158307.6
1480,CENTRO-ORIENTE,2020-08-03,45468.93
1481,NORTE,2020-11-07,159847.44
1482,CENTRO-ORIENTE,2020-08-06,42307.11
1483,SUR,2020-06-09,57376.58
1484,NORTE,2021-05-12,101779.35
1485,LIMA,2019-10-12,228130.3
1486,NORTE,2021-05-03,82371.94
1487,SUR,2021-01-30,70148.6
1488,NORTE,2020-02-07,184516.26
1489,LIMA,2020-09-03,161358.33
1490,CENTRO-ORIENTE,2020-08-15,47481.19
1491,LIMA,2021-04-23,152155.53
1492,NORTE,2020-08-11,156922.91
1493,SUR,2019-12-31,83540.96
1494,NORTE,2021-03-31,539854.71
1495,SUR,2020-07-04,37747.85
1496,CENTRO-ORIENTE,2020-02-11,48536.32
1497,CENTRO-ORIENTE,2020-02-17,38040.61
1498,LIMA,2020-03-04,208303.03
1499,SUR,2021-01-06,53731.26
1500,LIMA,2020-02-27,163160.44
1501,CENTRO-ORIENTE,2020-08-18,29554.26
1502,LIMA,2020-08-31,251495.69
1503,NORTE,2020-02-10,209581.47
1504,NORTE,2020-02-04,128530.88
1505,CENTRO-ORIENTE,2021-04-07,59772.29
1506,NORTE,2020-08-08,130991.21
1507,CENTRO-ORIENTE,2020-02-14,36200.8
1508,SUR,2020-07-01,33410.48
1509,LIMA,2020-03-01,1389.94
1510,SUR,2021-01-03,1927.0
1511,CENTRO-ORIENTE,2021-04-10,51712.56
1512,CENTRO-ORIENTE,2021-04-16,58317.14
1513,SUR,2020-01-06,55493.32
1514,LIMA,2020-08-28,227967.29
1515,LIMA,2021-03-02,122529.06
1516,NORTE,2020-08-02,332.0
1517,NORTE,2021-02-04,120130.89
1518,CENTRO-ORIENTE,2020-10-09,54615.67
1519,CENTRO-ORIENTE,2021-04-13,54972.53
1520,SUR,2020-01-03,27742.62
1521,LIMA,2020-08-25,187286.31
1522,LIMA,2021-02-27,453260.24
1523,SUR,2020-07-07,49047.61
1524,NORTE,2020-08-05,156615.12
1525,NORTE,2021-02-07,596.5
1526,SUR,2021-02-27,74167.98
1527,NORTE,2020-10-08,154936.89
1528,LIMA,2020-10-31,289204.41
1529,SUR,2020-11-06,41129.93
1530,LIMA,2020-04-28,198100.5
1531,NORTE,2020-10-11,325.25
1532,SUR,2020-05-04,50704.86
1533,CENTRO-ORIENTE,2020-10-15,41144.22
1534,NORTE,2020-10-05,179312.57
1535,CENTRO-ORIENTE,2020-04-09,19214.96
1536,LIMA,2020-10-28,249031.59
1537,NORTE,2020-04-05,727.0
1538,SUR,2020-05-07,58208.16
1539,CENTRO-ORIENTE,2020-10-12,37638.83
1540,LIMA,2020-11-03,149296.02
1541,NORTE,2020-10-02,107583.77
1542,LIMA,2021-04-29,167230.55
1543,CENTRO-ORIENTE,2020-04-18,51605.02
1544,NORTE,2021-04-06,118578.51
1545,SUR,2019-11-06,40422.21
1546,LIMA,2019-09-06,274478.11
1547,CENTRO-ORIENTE,2019-10-15,54890.45
1548,CENTRO-ORIENTE,2021-06-07,26859.94
1549,LIMA,2020-10-25,557.45
1550,NORTE,2020-02-13,260566.18
1551,NORTE,2021-04-09,207770.9
1552,SUR,2020-12-31,68179.8
1553,CENTRO-ORIENTE,2020-04-15,44127.55
1554,SUR,2019-11-09,52300.87
1555,LIMA,2021-05-02,677.47
1556,CENTRO-ORIENTE,2019-10-18,51041.25
1557,LIMA,2021-04-26,115225.82
1558,CENTRO-ORIENTE,2019-10-12,33643.63
1559,CENTRO-ORIENTE,2021-06-10,79997.22
1560,LIMA,2020-03-07,213368.93
1561,LIMA,2019-09-03,260963.94
1562,NORTE,2021-04-03,46054.27
1563,CENTRO-ORIENTE,2020-12-06,12426.77
1564,SUR,2020-12-28,77676.17
1565,CENTRO-ORIENTE,2020-12-12,68850.05
1566,NORTE,2019-10-11,154257.29
1567,SUR,2021-04-26,47547.72
1568,SUR,2020-10-28,43616.17
1569,CENTRO-ORIENTE,2020-06-09,69825.8
1570,LIMA,2019-11-03,20110.33
1571,NORTE,2021-06-09,105816.55
1572,SUR,2020-03-10,60880.42
1573,SUR,2019-09-06,53278.45
1574,LIMA,2020-12-25,24.42
1575,CENTRO-ORIENTE,2021-06-13,7176.25
1576,NORTE,2020-06-02,142354.0
1577,NORTE,2020-12-05,149580.43
1578,CENTRO-ORIENTE,2020-12-09,58784.3
1579,SUR,2021-04-29,65682.55
1580,LIMA,2020-06-25,197923.09
1581,LIMA,2020-12-28,246158.81
1582,NORTE,2019-10-14,216471.94
1583,CENTRO-ORIENTE,2020-12-15,62986.94
1584,LIMA,2019-11-06,275004.79
1585,NORTE,2021-06-06,144.88
1586,SUR,2019-09-03,41766.65
1587,NORTE,2020-12-02,148537.6
1588,CENTRO-ORIENTE,2019-10-21,35045.66
1589,SUR,2020-03-07,49664.34
1590,NORTE,2021-06-03,85876.13
1591,CENTRO-ORIENTE,2020-06-15,53459.55
1592,LIMA,2019-10-28,194785.5
1593,NORTE,2020-04-08,165384.9
1594,NORTE,2019-10-05,156018.99
1595,SUR,2020-10-31,168760.21
1596,CENTRO-ORIENTE,2019-12-12,54171.94
1597,LIMA,2020-05-04,181112.76
1598,SUR,2019-09-12,46238.98
1599,NORTE,2019-10-08,109586.5
1600,CENTRO-ORIENTE,2020-06-12,40230.28
1601,NORTE,2021-05-31,241730.91
1602,SUR,2021-05-05,24529.17
1603,LIMA,2019-10-31,353179.4
1604,CENTRO-ORIENTE,2020-06-18,51109.92
1605,SUR,2020-11-03,26160.92
1606,LIMA,2020-05-01,60789.86
1607,SUR,2019-09-09,44956.89
1608,SUR,2020-05-01,84382.64
1609,NORTE,2020-04-11,83161.02
1610,LIMA,2021-02-21,586.29
1611,SUR,2020-08-31,66997.73
1612,NORTE,2019-12-08,1385.87
1613,SUR,2021-03-02,30017.5
1614,NORTE,2019-12-14,184613.0
1615,CENTRO-ORIENTE,2021-02-08,38438.32
1616,LIMA,2021-02-24,176000.81
1617,LIMA,2020-01-03,206615.28
1618,CENTRO-ORIENTE,2019-12-18,51672.87
1619,NORTE,2021-01-29,203739.53
1620,SUR,2020-01-09,38617.02
1621,CENTRO-ORIENTE,2021-02-05,37336.73
1622,SUR,2020-08-28,34198.62
1623,SUR,2020-10-27,38519.12
1624,NORTE,2020-10-01,108704.34
1625,NORTE,2021-03-30,238027.35
1626,SUR,2020-04-27,64773.52
1627,LIMA,2020-03-03,205256.17
1628,CENTRO-ORIENTE,2020-10-08,42329.53
1629,LIMA,2020-02-26,190345.18
1630,LIMA,2020-08-30,600.0
1631,NORTE,2020-02-03,153444.98
1632,LIMA,2021-04-19,122398.07
1633,NORTE,2020-08-07,150093.91
1634,CENTRO-ORIENTE,2020-04-08,41325.71
1635,NORTE,2021-03-27,160011.07
1636,LIMA,2020-02-29,237634.07
1637,SUR,2020-05-06,48122.7
1638,SUR,2020-04-30,63405.55
1639,LIMA,2020-02-23,3191.26
1640,NORTE,2020-02-06,191196.32
1641,SUR,2019-10-30,85362.92
1642,SUR,2021-06-22,3440.74
1643,NORTE,2020-01-31,321445.53
1644,CENTRO-ORIENTE,2020-04-11,39825.8
1645,CENTRO-ORIENTE,2020-04-05,6657.75
1646,CENTRO-ORIENTE,2020-10-14,42572.19
1647,LIMA,2021-05-18,123814.72
1648,CENTRO-ORIENTE,2021-06-20,3694.87
1649,LIMA,2020-03-20,170878.54
1650,NORTE,2021-04-16,180083.88
1651,CENTRO-ORIENTE,2020-10-31,64883.81
1652,SUR,2019-11-19,41514.2
1653,LIMA,2019-09-16,224927.18
1654,CENTRO-ORIENTE,2020-04-28,51210.4
1655,LIMA,2021-05-09,612.32
1656,CENTRO-ORIENTE,2020-05-01,17640.04
1657,CENTRO-ORIENTE,2019-10-28,44492.42
1658,NORTE,2020-02-23,1960.96
1659,LIMA,2019-09-13,294558.98
1660,LIMA,2020-03-17,210252.84
1661,SUR,2019-11-22,50754.2
1662,NORTE,2021-04-19,151075.83
1663,SUR,2019-11-16,42717.17
1664,CENTRO-ORIENTE,2020-04-25,56896.64
1665,SUR,2020-05-23,31428.02
1666,LIMA,2021-05-12,125265.64
1667,LIMA,2020-09-19,232745.05
1668,NORTE,2020-02-26,181742.2
1669,NORTE,2019-09-22,11317.96
1670,CENTRO-ORIENTE,2021-05-28,69928.58
1671,CENTRO-ORIENTE,2020-11-23,60966.89
1672,SUR,2020-12-15,37051.7
1673,NORTE,2020-03-20,162444.49
1674,CENTRO-ORIENTE,2019-10-05,41068.04
1675,LIMA,2020-10-15,160931.78
1676,LIMA,2020-10-09,195021.51
1677,LIMA,2021-04-16,124777.34
1678,SUR,2020-12-21,41678.79
1679,NORTE,2020-09-22,163174.22
1680,NORTE,2020-09-16,155657.77
1681,SUR,2019-10-27,15.0
1682,CENTRO-ORIENTE,2021-05-31,65612.82
1683,LIMA,2020-10-12,159688.45
1684,CENTRO-ORIENTE,2019-10-02,24901.76
1685,SUR,2020-06-15,40151.53
1686,SUR,2020-12-18,101498.24
1687,NORTE,2020-09-19,159434.52
1688,NORTE,2021-03-24,156821.21
1689,CENTRO-ORIENTE,2020-11-26,69386.02
1690,LIMA,2020-03-09,202427.03
1691,CENTRO-ORIENTE,2019-11-08,44639.32
1692,LIMA,2020-09-11,176258.82
1693,SUR,2020-03-15,1644.77
1694,SUR,2019-09-17,49115.97
1695,LIMA,2021-03-10,131105.1
1696,NORTE,2021-02-15,142608.53
1697,CENTRO-ORIENTE,2021-01-02,21242.66
1698,SUR,2021-05-10,29054.19
1699,LIMA,2021-03-04,115888.15
1700,SUR,2021-05-13,45199.42
1701,NORTE,2021-02-12,141459.26
1702,CENTRO-ORIENTE,2019-11-11,43521.91
1703,CENTRO-ORIENTE,2020-07-03,55792.44
1704,CENTRO-ORIENTE,2021-01-05,63862.63
1705,NORTE,2019-12-22,8227.13
1706,SUR,2019-09-14,47648.74
1707,LIMA,2020-09-02,189797.36
1708,LIMA,2021-03-07,4.0
1709,NORTE,2020-08-10,230306.59
1710,SUR,2020-11-05,35222.47
1711,NORTE,2021-02-09,146320.13
1712,LIMA,2020-01-14,243250.76
1713,NORTE,2020-05-28,141201.76
1714,CENTRO-ORIENTE,2020-08-26,50101.13
1715,NORTE,2021-05-26,148157.16
1716,LIMA,2019-10-26,208847.33
1717,LIMA,2021-06-18,142995.67
1718,LIMA,2020-12-17,226921.96
1719,NORTE,2019-10-03,189115.67
1720,CENTRO-ORIENTE,2021-04-21,49349.35
1721,LIMA,2020-04-26,55512.0
1722,CENTRO-ORIENTE,2020-02-25,54458.78
1723,SUR,2020-07-02,32566.37
1724,SUR,2021-02-22,32516.16
1725,SUR,2021-02-19,35256.4
1726,NORTE,2021-05-29,89377.3
1727,CENTRO-ORIENTE,2021-04-15,50826.75
1728,LIMA,2021-06-21,89353.99
1729,NORTE,2020-11-24,146794.71
1730,LIMA,2019-10-23,230288.5
1731,SUR,2019-12-29,6095.87
1732,NORTE,2019-09-30,349802.69
1733,LIMA,2020-04-29,214115.21
1734,CENTRO-ORIENTE,2021-04-18,6887.52
1735,NORTE,2020-04-03,91708.59
1736,NORTE,2019-10-29,234700.26
1737,SUR,2019-11-30,117702.36
1738,LIMA,2019-11-24,8419.25
1739,SUR,2020-07-22,49479.37
1740,NORTE,2020-10-29,228832.28
1741,LIMA,2020-11-21,193322.06
1742,CENTRO-ORIENTE,2020-09-24,50760.48
1743,LIMA,2020-05-19,178253.81
1744,CENTRO-ORIENTE,2020-09-21,39857.09
1745,LIMA,2020-11-24,207573.79
1746,CENTRO-ORIENTE,2020-03-19,43238.88
1747,NORTE,2021-06-21,177325.23
1748,SUR,2020-07-25,33881.31
1749,NORTE,2020-04-29,181149.63
1750,CENTRO-ORIENTE,2020-09-18,51030.5
1751,SUR,2021-01-27,61341.58
1752,SUR,2020-01-24,43651.06
1753,LIMA,2020-05-22,199885.43
1754,SUR,2020-07-28,27272.95
1755,NORTE,2020-11-01,167.25
1756,NORTE,2019-12-02,118151.38
1757,LIMA,2020-08-13,198531.0
1758,CENTRO-ORIENTE,2020-12-10,63155.47
1759,CENTRO-ORIENTE,2020-12-16,71795.16
1760,LIMA,2019-12-25,247.78
1761,SUR,2020-10-16,31069.47
1762,CENTRO-ORIENTE,2020-06-13,56089.51
1763,SUR,2021-04-20,41537.54
1764,CENTRO-ORIENTE,2019-10-22,43435.62
1765,NORTE,2021-01-23,129603.46
1766,NORTE,2020-07-21,157546.61
1767,LIMA,2021-02-12,114034.12
1768,CENTRO-ORIENTE,2021-06-17,45004.82
1769,CENTRO-ORIENTE,2020-12-13,9172.14
1770,LIMA,2021-02-18,129736.67
1771,SUR,2020-10-19,39862.86
1772,CENTRO-ORIENTE,2019-10-25,40771.94
1773,NORTE,2021-01-20,183636.97
1774,SUR,2021-04-23,42206.67
1775,NORTE,2021-01-26,175561.57
1776,SUR,2020-10-07,37425.21
1777,CENTRO-ORIENTE,2020-12-04,60413.65
1778,NORTE,2021-03-16,164572.86
1779,LIMA,2020-02-03,196797.0
1780,SUR,2019-10-10,56185.05
1781,NORTE,2020-01-17,188342.03
1782,LIMA,2020-02-09,1251.45
1783,CENTRO-ORIENTE,2019-12-04,39818.36
1784,SUR,2020-04-13,58837.98
1785,NORTE,2020-01-11,145330.16
1786,SUR,2020-04-16,76533.38
1787,LIMA,2020-08-10,205635.69
1788,CENTRO-ORIENTE,2021-01-28,96404.69
1789,NORTE,2020-01-14,164852.62
1790,SUR,2020-04-10,538.07
1791,CENTRO-ORIENTE,2019-12-07,48643.28
1792,CENTRO-ORIENTE,2020-06-10,50421.73
1793,LIMA,2020-02-06,234706.09
1794,SUR,2021-06-05,24264.65
1795,SUR,2020-10-13,35354.6
1796,NORTE,2020-07-18,119372.09
1797,CENTRO-ORIENTE,2020-06-30,73341.88
1798,NORTE,2020-12-14,177833.65
1799,SUR,2021-03-11,39698.23
1800,NORTE,2021-06-18,148848.79
1801,LIMA,2021-01-06,200369.01
1802,CENTRO-ORIENTE,2021-02-17,46537.58
1803,NORTE,2019-10-23,157164.5
1804,NORTE,2019-10-26,162468.46
1805,LIMA,2019-11-15,235944.63
1806,NORTE,2021-06-15,83734.58
1807,SUR,2020-01-21,41078.18
1808,CENTRO-ORIENTE,2019-12-24,32489.16
1809,NORTE,2020-12-11,165296.09
1810,SUR,2021-03-14,120.62
1811,CENTRO-ORIENTE,2020-06-27,56293.37
1812,LIMA,2021-01-03,730.3
1813,SUR,2021-03-08,31201.45
1814,LIMA,2020-05-16,185349.67
1815,NORTE,2019-10-20,183.71
1816,LIMA,2019-11-12,250443.52
1817,SUR,2020-01-18,37248.47
1818,LIMA,2019-11-18,206420.77
1819,CENTRO-ORIENTE,2019-12-27,77737.61
1820,SUR,2019-11-13,42048.96
1821,CENTRO-ORIENTE,2021-02-28,3217.3
1822,LIMA,2020-11-07,214456.72
1823,NORTE,2020-04-15,206808.79
1824,CENTRO-ORIENTE,2020-02-28,64765.43
1825,LIMA,2019-09-10,276026.4
1826,SUR,2020-07-08,59482.18
1827,CENTRO-ORIENTE,2020-08-29,48913.06
1828,CENTRO-ORIENTE,2020-09-04,53565.87
1829,LIMA,2020-11-04,136781.04
1830,NORTE,2020-04-06,147455.3
1831,LIMA,2020-05-02,192115.2
1832,NORTE,2020-10-09,153250.02
1833,NORTE,2021-04-13,113989.57
1834,LIMA,2020-11-01,1392.53
1835,CENTRO-ORIENTE,2021-03-06,60061.95
1836,NORTE,2020-10-12,179729.76
1837,SUR,2020-07-05,1346.56
1838,LIMA,2021-05-06,140568.49
1839,SUR,2021-01-07,48364.47
1840,CENTRO-ORIENTE,2020-09-01,27092.93
1841,CENTRO-ORIENTE,2021-03-29,68679.32
1842,SUR,2020-06-12,53260.25
1843,LIMA,2020-04-06,156230.8
1844,LIMA,2021-05-29,158248.56
1845,NORTE,2019-09-13,159982.4
1846,NORTE,2020-11-04,144242.14
1847,CENTRO-ORIENTE,2020-02-05,63061.21
1848,LIMA,2019-10-03,160123.8
1849,NORTE,2021-05-09,242.54
1850,SUR,2019-12-09,33052.06
1851,CENTRO-ORIENTE,2020-02-08,56635.15
1852,LIMA,2020-04-09,5131.45
1853,NORTE,2020-03-14,328924.02
1854,NORTE,2020-03-17,310583.42
1855,LIMA,2020-11-27,164814.16
1856,NORTE,2019-09-10,175562.12
1857,CENTRO-ORIENTE,2021-03-26,55937.62
1858,LIMA,2021-06-01,85693.0
1859,CENTRO-ORIENTE,2020-02-02,5649.3
1860,LIMA,2021-05-26,160024.63
1861,SUR,2019-12-12,54449.8
1862,NORTE,2021-05-06,243008.83
1863,SUR,2019-12-06,44765.27
1864,LIMA,2019-10-06,1699.82
1865,NORTE,2019-12-11,187880.6
1866,SUR,2021-03-05,39858.02
1867,LIMA,2019-12-31,266180.3
1868,LIMA,2020-01-06,222015.04
1869,NORTE,2021-02-01,111191.36
1870,CENTRO-ORIENTE,2019-12-21,54719.84
1871,LIMA,2020-12-31,470607.96
1872,NORTE,2020-06-05,170658.41
1873,NORTE,2020-06-11,161367.19
1874,SUR,2020-03-04,36730.48
1875,CENTRO-ORIENTE,2020-08-09,5825.48
1876,LIMA,2020-07-04,209639.7
1877,LIMA,2019-12-28,297810.33
1878,CENTRO-ORIENTE,2020-08-12,48334.09
1879,NORTE,2020-06-08,249663.08
1880,NORTE,2019-12-05,151678.35
1881,LIMA,2020-07-01,595180.14
1882,SUR,2020-09-03,45002.42
1883,CENTRO-ORIENTE,2021-02-14,6488.58
1884,CENTRO-ORIENTE,2021-02-11,46580.05
1885,NORTE,2020-12-08,148935.8
1886,LIMA,2020-05-26,184311.07
1887,SUR,2020-02-06,47590.09
1888,CENTRO-ORIENTE,2020-05-07,58431.8
1889,LIMA,2020-11-28,298698.61
1890,CENTRO-ORIENTE,2020-11-09,36704.14
1891,SUR,2021-03-27,34073.77
1892,NORTE,2020-04-30,203771.79
1893,LIMA,2020-11-22,3937.48
1894,NORTE,2019-09-11,155108.69
1895,NORTE,2020-11-02,106121.37
1896,SUR,2021-04-02,2453.88
1897,CENTRO-ORIENTE,2020-11-12,53802.54
1898,LIMA,2020-05-23,191163.77
1899,LIMA,2020-11-25,154845.73
1900,SUR,2021-03-30,65768.03
1901,NORTE,2020-11-05,141995.25
1902,NORTE,2020-10-30,385247.95
1903,SUR,2020-09-25,45665.6
1904,LIMA,2019-10-04,241076.15
1905,CENTRO-ORIENTE,2019-09-18,48271.99
1906,CENTRO-ORIENTE,2020-05-13,53221.69
1907,NORTE,2020-10-27,254023.49
1908,NORTE,2021-05-01,104.67
1909,NORTE,2020-03-09,200269.27
1910,LIMA,2020-11-19,132364.8
1911,NORTE,2019-09-05,180951.63
1912,LIMA,2019-09-25,197642.17
1913,LIMA,2021-05-27,122376.44
1914,LIMA,2019-10-01,145908.9
1915,CENTRO-ORIENTE,2019-11-09,45893.92
1916,SUR,2020-09-28,42768.3
1917,LIMA,2021-05-21,155405.65
1918,NORTE,2021-05-04,210122.7
1919,NORTE,2019-09-02,164049.06
1920,LIMA,2020-04-01,170926.14
1921,LIMA,2019-09-28,249024.72
1922,NORTE,2021-04-28,136380.96
1923,CENTRO-ORIENTE,2019-11-12,48854.89
1924,LIMA,2021-05-24,175064.6
1925,CENTRO-ORIENTE,2020-05-16,55137.62
1926,SUR,2020-10-01,14694.59
1927,CENTRO-ORIENTE,2021-01-06,58891.08
1928,LIMA,2021-01-25,191650.5
1929,SUR,2021-01-28,76560.42
1930,LIMA,2021-01-19,237602.2
1931,NORTE,2021-01-02,14164.62
1932,CENTRO-ORIENTE,2019-11-15,44308.07
1933,NORTE,2020-12-27,4649.21
1934,SUR,2020-07-29,33865.71
1935,LIMA,2019-12-01,1884.44
1936,NORTE,2019-11-08,176972.06
1937,CENTRO-ORIENTE,2021-01-03,5108.03
1938,LIMA,2021-01-22,181024.9
1939,CENTRO-ORIENTE,2021-01-09,63140.48
1940,NORTE,2020-12-30,494136.64
1941,LIMA,2019-12-04,202486.8
1942,NORTE,2019-11-05,201047.7
1943,LIMA,2020-06-01,209072.49
1944,CENTRO-ORIENTE,2020-01-09,72267.37
1945,NORTE,2020-05-09,139312.68
1946,CENTRO-ORIENTE,2020-07-13,41158.95
1947,SUR,2020-01-31,141889.4
1948,SUR,2020-08-04,58977.92
1949,CENTRO-ORIENTE,2020-07-07,34780.27
1950,LIMA,2019-11-25,195851.48
1951,SUR,2020-02-03,48971.63
1952,LIMA,2020-05-29,227396.63
1953,NORTE,2019-11-02,70999.91
1954,NORTE,2020-05-06,179665.17
1955,SUR,2020-08-01,24519.46
1956,SUR,2021-03-24,53650.16
1957,CENTRO-ORIENTE,2020-01-06,43469.44
1958,LIMA,2019-11-28,203456.68
1959,CENTRO-ORIENTE,2021-01-12,54900.74
1960,SUR,2020-01-28,50056.41
1961,CENTRO-ORIENTE,2020-07-10,48170.53
1962,CENTRO-ORIENTE,2020-01-15,37355.45
1963,SUR,2020-06-04,42382.12
1964,LIMA,2020-01-28,208160.69
1965,NORTE,2021-03-01,61753.74
1966,SUR,2020-05-29,70608.94
1967,CENTRO-ORIENTE,2021-03-05,37933.89
1968,NORTE,2020-07-09,140511.88
1969,LIMA,2021-03-21,494.55
1970,SUR,2020-06-01,21697.58
1971,LIMA,2020-01-31,257101.75
1972,SUR,2019-11-28,35405.92
1973,CENTRO-ORIENTE,2020-01-12,9671.6
1974,NORTE,2021-02-26,185810.8
1975,LIMA,2021-03-24,233296.36
1976,NORTE,2020-01-08,189731.79
1977,LIMA,2020-08-01,206403.69
1978,CENTRO-ORIENTE,2021-03-08,46244.52
1979,NORTE,2020-06-30,284142.06
1980,CENTRO-ORIENTE,2020-09-09,41164.84
1981,SUR,2021-01-22,37430.83
1982,LIMA,2020-07-29,156120.56
1983,LIMA,2020-01-25,213228.48
1984,LIMA,2020-07-23,187639.13
1985,NORTE,2019-12-30,303901.99
1986,CENTRO-ORIENTE,2021-03-11,58573.16
1987,SUR,2019-12-07,34763.83
1988,SUR,2021-01-25,70629.09
1989,CENTRO-ORIENTE,2020-09-06,6260.43
1990,NORTE,2020-07-03,152275.8
1991,LIMA,2021-01-28,314696.72
1992,NORTE,2021-01-05,153887.08
1993,NORTE,2020-07-06,128445.24
1994,CENTRO-ORIENTE,2020-09-03,38553.51
1995,LIMA,2020-07-26,279.0
1996,SUR,2019-12-04,36770.93
1997,NORTE,2020-01-02,90687.82
1998,LIMA,2020-09-28,216717.77
1999,NORTE,2020-03-03,154177.29
2000,SUR,2019-10-04,33474.35
2001,LIMA,2020-03-26,202325.92
2002,CENTRO-ORIENTE,2020-03-07,58683.28
2003,CENTRO-ORIENTE,2019-09-09,55526.93
2004,CENTRO-ORIENTE,2020-03-13,118873.47
2005,SUR,2020-04-01,44650.7
2006,SUR,2021-05-27,37691.76
2007,SUR,2021-05-24,41928.03
2008,CENTRO-ORIENTE,2020-09-12,39469.46
2009,NORTE,2020-03-06,148191.54
2010,NORTE,2020-02-29,318243.7
2011,CENTRO-ORIENTE,2020-03-10,67727.49
2012,SUR,2019-10-01,26371.4
2013,LIMA,2020-03-29,1702.06
2014,LIMA,2020-03-23,181360.2
2015,SUR,2020-04-04,59431.17
2016,SUR,2019-09-28,48518.4
2017,NORTE,2020-09-05,141755.19
2018,CENTRO-ORIENTE,2021-05-05,34638.06
2019,CENTRO-ORIENTE,2020-11-06,61969.1
2020,NORTE,2020-08-27,228298.52
2021,NORTE,2021-03-07,391.92
2022,LIMA,2020-03-18,153253.48
2023,NORTE,2020-03-01,7.5
2024,SUR,2020-07-24,52948.19
2025,LIMA,2020-03-24,223508.8
2026,CENTRO-ORIENTE,2021-01-11,46638.4
2027,NORTE,2020-02-27,182377.39
2028,LIMA,2021-05-13,129075.45
2029,SUR,2020-07-21,54029.96
2030,SUR,2021-01-23,34076.75
2031,LIMA,2020-03-21,147188.59
2032,CENTRO-ORIENTE,2019-11-23,55495.41
2033,LIMA,2019-09-17,222399.51
2034,NORTE,2021-04-20,185787.83
2035,CENTRO-ORIENTE,2019-11-20,67274.63
2036,CENTRO-ORIENTE,2021-01-14,54632.86
2037,SUR,2020-01-20,56317.84
2038,NORTE,2020-02-24,137045.62
2039,NORTE,2021-02-27,658410.1
2040,SUR,2021-03-19,34026.84
2041,LIMA,2020-09-14,185173.25
2042,CENTRO-ORIENTE,2021-01-17,4037.69
2043,SUR,2020-01-23,35032.39
2044,NORTE,2020-08-25,164761.18
2045,SUR,2020-07-27,43369.12
2046,LIMA,2021-03-19,141094.31
2047,LIMA,2020-09-20,3111.85
2048,SUR,2020-01-29,40671.45
2049,CENTRO-ORIENTE,2020-07-15,37012.42
2050,NORTE,2020-02-21,159556.83
2051,CENTRO-ORIENTE,2020-01-14,63181.9
2052,LIMA,2020-03-15,4241.99
2053,NORTE,2020-08-22,186905.83
2054,SUR,2021-03-16,34130.11
2055,NORTE,2020-08-28,177351.59
2056,CENTRO-ORIENTE,2020-07-12,6976.23
2057,LIMA,2021-03-22,166051.19
2058,CENTRO-ORIENTE,2020-07-18,27167.14
2059,LIMA,2020-09-17,189170.56
2060,CENTRO-ORIENTE,2021-01-20,67352.24
2061,SUR,2019-11-23,25223.4
2062,LIMA,2020-11-17,172901.26
2063,CENTRO-ORIENTE,2020-07-21,46825.28
2064,NORTE,2020-04-22,129001.76
2065,SUR,2020-05-27,56826.22
2066,NORTE,2020-04-28,156463.39
2067,CENTRO-ORIENTE,2020-01-17,51050.41
2068,LIMA,2020-05-15,199499.64
2069,SUR,2021-01-14,55601.82
2070,LIMA,2020-05-21,210311.44
2071,NORTE,2020-10-25,131.0
2072,CENTRO-ORIENTE,2021-03-13,41538.86
2073,NORTE,2020-10-28,197653.92
2074,NORTE,2021-06-17,120930.37
2075,NORTE,2020-04-25,102444.93
2076,LIMA,2020-11-20,154323.35
2077,SUR,2019-11-20,78913.25
2078,CENTRO-ORIENTE,2020-01-20,35533.95
2079,LIMA,2020-05-18,192390.69
2080,LIMA,2021-05-22,162162.69
2081,LIMA,2020-11-11,223084.57
2082,CENTRO-ORIENTE,2021-03-16,49940.24
2083,SUR,2019-11-29,44790.14
2084,CENTRO-ORIENTE,2020-09-11,44289.85
2085,SUR,2021-01-20,52423.49
2086,CENTRO-ORIENTE,2020-01-23,47910.77
2087,LIMA,2019-09-20,248689.23
2088,SUR,2020-07-18,30255.26
2089,NORTE,2019-09-03,159493.06
2090,NORTE,2021-04-23,131232.81
2091,LIMA,2019-09-23,242426.14
2092,NORTE,2020-10-19,129388.69
2093,LIMA,2021-05-19,108225.7
2094,CENTRO-ORIENTE,2021-03-19,51142.79
2095,LIMA,2020-11-14,239350.0
2096,SUR,2019-11-26,28431.86
2097,CENTRO-ORIENTE,2020-09-14,44667.84
2098,LIMA,2019-09-26,200524.55
2099,NORTE,2021-04-26,118039.26
2100,LIMA,2021-05-16,1537.59
2101,NORTE,2020-10-22,185575.08
2102,NORTE,2019-11-03,93.0
2103,LIMA,2020-07-15,192780.43
2104,SUR,2021-05-19,28426.9
2105,SUR,2020-03-27,45142.6
2106,LIMA,2021-01-17,564.21
2107,CENTRO-ORIENTE,2020-09-17,36495.62
2108,SUR,2019-09-23,50012.86
2109,NORTE,2020-06-22,170222.64
2110,CENTRO-ORIENTE,2020-03-15,15498.0
2111,SUR,2019-09-29,30.0
2112,SUR,2021-05-22,19492.92
2113,LIMA,2021-01-14,224862.09
2114,LIMA,2021-01-20,206438.39
2115,SUR,2019-09-26,42486.19
2116,CENTRO-ORIENTE,2020-09-20,1802.43
2117,CENTRO-ORIENTE,2020-03-18,68937.84
2118,NORTE,2020-12-22,334680.32
2119,NORTE,2020-12-28,290124.47
2120,LIMA,2019-11-26,206241.11
2121,SUR,2020-11-17,43211.07
2122,CENTRO-ORIENTE,2019-09-20,41616.66
2123,SUR,2021-05-25,33935.86
2124,NORTE,2021-06-20,145.0
2125,CENTRO-ORIENTE,2020-03-24,39625.03
2126,LIMA,2020-05-24,2436.0
2127,CENTRO-ORIENTE,2020-11-11,64932.13
2128,CENTRO-ORIENTE,2021-05-13,73868.95
2129,NORTE,2019-10-28,270137.58
2130,SUR,2020-05-18,59542.32
2131,CENTRO-ORIENTE,2020-03-21,34635.39
2132,LIMA,2019-11-17,60679.43
2133,NORTE,2020-12-19,205023.67
2134,SUR,2020-11-20,30456.48
2135,CENTRO-ORIENTE,2019-09-17,53700.39
2136,LIMA,2019-11-23,198593.01
2137,NORTE,2019-10-31,449575.8
2138,LIMA,2021-01-11,205422.5
2139,CENTRO-ORIENTE,2021-05-16,6242.15
2140,NORTE,2019-10-25,142791.87
2141,NORTE,2020-05-01,21258.49
2142,SUR,2020-05-21,35735.87
2143,CENTRO-ORIENTE,2021-05-10,53078.7
2144,SUR,2020-11-23,38471.95
2145,LIMA,2019-11-20,252887.13
2146,CENTRO-ORIENTE,2020-05-15,80535.18
2147,CENTRO-ORIENTE,2020-11-17,36829.2
2148,LIMA,2021-03-16,160462.08
2149,NORTE,2021-02-21,709.23
2150,SUR,2021-03-25,49550.47
2151,LIMA,2020-01-23,203873.8
2152,CENTRO-ORIENTE,2019-09-23,32248.8
2153,LIMA,2021-03-13,177106.31
2154,NORTE,2021-02-18,125505.4
2155,CENTRO-ORIENTE,2020-11-14,41507.53
2156,CENTRO-ORIENTE,2021-05-19,51041.26
2157,CENTRO-ORIENTE,2021-03-18,41438.19
2158,LIMA,2020-08-11,233698.47
2159,NORTE,2020-01-15,158703.37
2160,CENTRO-ORIENTE,2020-07-29,57091.03
2161,SUR,2020-12-17,45645.0
2162,LIMA,2020-02-07,222436.15
2163,NORTE,2021-03-11,140194.35
2164,SUR,2019-10-23,46385.04
2165,NORTE,2020-07-19,640.75
2166,NORTE,2020-07-22,237962.92
2167,CENTRO-ORIENTE,2020-07-26,9660.53
2168,NORTE,2020-01-18,136292.13
2169,CENTRO-ORIENTE,2020-01-22,96270.96
2170,SUR,2020-12-14,49858.27
2171,LIMA,2020-08-14,202364.45
2172,LIMA,2020-02-10,194038.78
2173,CENTRO-ORIENTE,2020-01-25,48537.88
2174,SUR,2020-06-11,62329.1
2175,CENTRO-ORIENTE,2020-09-19,52454.79
2176,CENTRO-ORIENTE,2020-01-28,71247.04
2177,NORTE,2020-07-13,163756.09
2178,NORTE,2021-01-15,103512.99
2179,SUR,2020-06-20,42678.51
2180,LIMA,2021-02-10,166421.79
2181,CENTRO-ORIENTE,2021-03-21,14789.1
2182,SUR,2019-12-17,63164.61
2183,LIMA,2020-08-08,196937.12
2184,CENTRO-ORIENTE,2020-01-31,67190.97
2185,CENTRO-ORIENTE,2021-03-24,67100.9
2186,NORTE,2021-01-18,153266.27
2187,SUR,2019-12-14,32508.88
2188,SUR,2020-06-17,49490.81
2189,LIMA,2021-02-07,423.25
2190,LIMA,2021-02-13,149155.03
2191,NORTE,2020-07-16,203715.1
2192,SUR,2020-04-17,50308.69
2193,LIMA,2020-04-08,189014.69
2194,CENTRO-ORIENTE,2020-09-28,69081.93
2195,LIMA,2020-10-11,592.22
2196,CENTRO-ORIENTE,2020-09-22,42750.49
2197,NORTE,2020-03-16,460235.82
2198,LIMA,2020-10-08,178114.73
2199,NORTE,2020-09-18,209110.79
2200,CENTRO-ORIENTE,2021-03-27,62715.09
2201,LIMA,2021-04-12,111434.03
2202,SUR,2020-04-14,75580.86
2203,CENTRO-ORIENTE,2020-03-23,31383.62
2204,CENTRO-ORIENTE,2020-09-25,44439.23
2205,SUR,2020-10-17,32401.19
2206,NORTE,2020-09-15,159680.03
2207,SUR,2021-06-09,40991.84
2208,SUR,2019-10-14,34192.38
2209,NORTE,2021-03-20,118189.9
2210,CENTRO-ORIENTE,2020-03-26,66075.63
2211,LIMA,2021-04-06,151295.57
2212,SUR,2021-06-15,42295.39
2213,NORTE,2020-01-21,184567.36
2214,SUR,2020-12-11,41215.86
2215,LIMA,2020-02-13,174563.12
2216,CENTRO-ORIENTE,2019-09-25,51751.52
2217,CENTRO-ORIENTE,2020-03-29,5465.0
2218,SUR,2019-10-17,31537.63
2219,SUR,2020-12-08,37375.22
2220,NORTE,2021-03-17,108399.97
2221,NORTE,2020-09-12,213877.39
2222,SUR,2020-04-20,71846.08
2223,SUR,2021-06-12,23750.0
2224,CENTRO-ORIENTE,2021-05-21,56446.84
2225,LIMA,2020-10-05,175362.16
2226,NORTE,2020-01-24,154963.31
2227,CENTRO-ORIENTE,2021-05-18,54420.85
2228,LIMA,2020-02-16,16155.14
2229,LIMA,2021-04-09,135503.35
2230,NORTE,2021-03-14,193.67
2231,CENTRO-ORIENTE,2019-09-22,6879.36
2232,CENTRO-ORIENTE,2020-04-01,50609.72
2233,CENTRO-ORIENTE,2020-11-19,46650.16
2234,LIMA,2020-12-08,183065.02
2235,NORTE,2020-11-15,946.74
2236,SUR,2020-02-19,37745.35
2237,LIMA,2021-06-12,164921.24
2238,CENTRO-ORIENTE,2021-05-24,66915.26
2239,CENTRO-ORIENTE,2019-10-01,25632.02
2240,NORTE,2021-05-17,117135.31
2241,SUR,2020-08-20,51043.83
2242,LIMA,2019-10-17,229224.23
2243,SUR,2021-04-12,36317.86
2244,CENTRO-ORIENTE,2021-05-27,43853.99
2245,NORTE,2019-09-21,138725.85
2246,LIMA,2020-12-05,214361.94
2247,CENTRO-ORIENTE,2020-11-22,4459.94
2248,LIMA,2021-06-09,195668.38
2249,NORTE,2020-11-12,221705.74
2250,CENTRO-ORIENTE,2019-09-28,53276.85
2251,NORTE,2021-05-20,161179.91
2252,LIMA,2019-10-14,193948.71
2253,SUR,2021-04-09,53269.29
2254,NORTE,2019-09-24,204007.19
2255,NORTE,2019-09-18,220807.23
2256,LIMA,2020-04-14,211158.03
2257,SUR,2020-04-11,44335.04
2258,CENTRO-ORIENTE,2019-11-22,44991.94
2259,LIMA,2021-06-06,991.2
2260,SUR,2020-10-14,36742.88
2261,SUR,2020-10-08,45201.41
2262,CENTRO-ORIENTE,2020-11-25,71524.64
2263,NORTE,2021-05-11,85952.81
2264,LIMA,2019-10-11,218747.24
2265,CENTRO-ORIENTE,2020-05-23,47165.33
2266,LIMA,2020-04-11,143502.16
2267,NORTE,2020-03-25,172023.21
2268,LIMA,2020-10-14,148580.62
2269,NORTE,2020-03-19,111057.62
2270,NORTE,2020-09-21,143561.74
2271,LIMA,2021-06-03,119461.65
2272,CENTRO-ORIENTE,2020-05-26,53073.97
2273,NORTE,2021-05-14,93775.33
2274,CENTRO-ORIENTE,2020-11-28,49245.41
2275,LIMA,2020-04-17,224620.19
2276,SUR,2021-04-15,38159.88
2277,LIMA,2019-12-17,272171.33
2278,SUR,2019-12-20,36499.97
2279,LIMA,2019-12-11,246213.25
2280,NORTE,2021-01-12,175387.52
2281,CENTRO-ORIENTE,2019-11-28,67546.29
2282,LIMA,2021-02-04,191399.06
2283,NORTE,2019-11-21,192268.5
2284,CENTRO-ORIENTE,2020-05-29,33719.03
2285,SUR,2021-02-10,44635.47
2286,CENTRO-ORIENTE,2021-01-19,61302.05
2287,CENTRO-ORIENTE,2019-11-25,46542.83
2288,LIMA,2019-12-14,249241.83
2289,NORTE,2019-11-18,195205.9
2290,NORTE,2019-11-24,180.23
2291,LIMA,2020-06-17,241230.7
2292,CENTRO-ORIENTE,2021-05-11,51621.09
2293,SUR,2020-11-28,28099.94
2294,LIMA,2020-09-22,198248.24
2295,SUR,2021-06-02,22624.51
2296,LIMA,2021-03-27,204829.3
2297,CENTRO-ORIENTE,2019-09-15,3394.92
2298,NORTE,2020-09-02,183724.18
2299,CENTRO-ORIENTE,2021-05-08,34476.65
2300,LIMA,2020-09-25,183858.24
2301,SUR,2019-10-07,49349.59
2302,CENTRO-ORIENTE,2020-11-03,36699.7
2303,SUR,2020-05-26,66856.8
2304,CENTRO-ORIENTE,2020-03-16,95570.63
2305,NORTE,2020-08-30,1665.5
2306,SUR,2020-12-01,18109.11
2307,SUR,2020-11-25,85135.85
2308,NORTE,2021-03-04,123281.59
2309,CENTRO-ORIENTE,2019-09-12,41865.68
2310,LIMA,2021-03-30,223002.9
2311,LIMA,2020-09-26,216326.51
2312,SUR,2021-01-26,53905.86
2313,CENTRO-ORIENTE,2020-09-07,40227.96
2314,SUR,2020-06-08,49163.98
2315,NORTE,2021-03-05,122334.97
2316,NORTE,2020-08-31,391206.38
2317,CENTRO-ORIENTE,2021-03-15,36667.28
2318,SUR,2019-12-05,33186.93
2319,LIMA,2021-03-31,527977.19
2320,LIMA,2021-04-03,40653.61
2321,LIMA,2020-09-23,182160.71
2322,CENTRO-ORIENTE,2020-09-10,52748.09
2323,SUR,2021-01-29,179532.44
2324,NORTE,2021-03-08,165065.08
2325,NORTE,2020-09-03,176679.73
2326,LIMA,2021-03-28,2092.85
2327,CENTRO-ORIENTE,2021-03-12,46203.62
2328,LIMA,2020-02-01,137867.6
2329,SUR,2021-02-01,33493.15
2330,CENTRO-ORIENTE,2020-03-11,96920.13
2331,LIMA,2021-03-25,193396.87
2332,SUR,2021-02-04,46317.55
2333,LIMA,2020-08-02,2755.0
2334,NORTE,2020-01-09,201958.73
2335,SUR,2019-12-11,83273.06
2336,CENTRO-ORIENTE,2021-05-06,50861.33
2337,LIMA,2020-01-29,195430.35
2338,NORTE,2020-01-12,309.5
2339,CENTRO-ORIENTE,2020-09-16,43815.7
2340,NORTE,2021-03-02,122239.8
2341,LIMA,2020-02-04,190662.5
2342,CENTRO-ORIENTE,2020-03-14,72556.51
2343,SUR,2020-07-30,42683.15
2344,LIMA,2020-08-05,184447.26
2345,NORTE,2020-01-06,247156.03
2346,NORTE,2021-05-05,102095.06
2347,SUR,2019-10-08,30685.53
2348,NORTE,2020-03-13,328437.6
2349,NORTE,2019-09-09,189648.37
2350,LIMA,2020-04-02,245322.26
2351,CENTRO-ORIENTE,2020-03-17,70973.69
2352,CENTRO-ORIENTE,2019-09-13,37126.45
2353,CENTRO-ORIENTE,2021-05-09,10266.12
2354,LIMA,2019-09-29,1840.16
2355,NORTE,2020-10-31,395705.98
2356,LIMA,2021-05-25,153249.53
2357,LIMA,2019-10-05,220155.53
2358,CENTRO-ORIENTE,2019-09-19,57433.86
2359,SUR,2019-10-11,49648.27
2360,SUR,2020-12-02,31202.75
2361,NORTE,2020-03-10,159348.55
2362,SUR,2020-05-30,41054.23
2363,CENTRO-ORIENTE,2020-11-07,32713.64
2364,NORTE,2019-09-06,173189.07
2365,LIMA,2020-11-23,172034.43
2366,NORTE,2019-09-12,168831.75
2367,CENTRO-ORIENTE,2020-03-20,26380.25
2368,CENTRO-ORIENTE,2021-05-12,37164.41
2369,LIMA,2021-05-28,178554.4
2370,LIMA,2019-10-02,187101.47
2371,CENTRO-ORIENTE,2019-09-16,36906.88
2372,SUR,2021-06-03,29863.99
2373,NORTE,2020-09-09,142687.65
2374,SUR,2020-06-02,65710.93
2375,CENTRO-ORIENTE,2020-05-11,56563.61
2376,NORTE,2020-03-07,141321.14
2377,LIMA,2020-10-02,165548.68
2378,CENTRO-ORIENTE,2020-11-13,49899.57
2379,SUR,2020-12-05,34954.96
2380,LIMA,2020-03-30,178791.92
2381,CENTRO-ORIENTE,2021-05-15,51757.82
2382,NORTE,2021-04-29,145290.6
2383,NORTE,2020-09-06,85.88
2384,CENTRO-ORIENTE,2020-11-16,46488.49
2385,LIMA,2020-09-29,230863.99
2386,SUR,2020-06-05,65753.77
2387,NORTE,2020-03-04,169362.56
2388,CENTRO-ORIENTE,2020-11-10,43686.69
2389,LIMA,2020-03-27,201659.12
2390,SUR,2019-12-02,21086.59
2391,LIMA,2020-05-30,231323.82
2392,NORTE,2020-05-13,209431.01
2393,NORTE,2020-05-07,178168.32
2394,LIMA,2019-11-29,224948.82
2395,CENTRO-ORIENTE,2019-11-13,60791.3
2396,SUR,2020-10-02,27562.37
2397,CENTRO-ORIENTE,2020-05-17,800.0
2398,NORTE,2019-11-06,186225.89
2399,CENTRO-ORIENTE,2020-05-14,56202.48
2400,SUR,2021-04-06,32734.58
2401,LIMA,2020-06-02,194314.97
2402,SUR,2020-03-30,50603.34
2403,NORTE,2020-05-10,1302.0
2404,SUR,2020-04-02,38706.82
2405,SUR,2020-10-05,38487.29
2406,LIMA,2020-06-05,204661.35
2407,CENTRO-ORIENTE,2019-11-10,6755.75
2408,CENTRO-ORIENTE,2020-05-20,65374.55
2409,CENTRO-ORIENTE,2021-01-10,11243.06
2410,SUR,2019-10-02,38516.67
2411,LIMA,2020-12-02,145111.47
2412,LIMA,2020-11-26,169126.71
2413,CENTRO-ORIENTE,2019-11-19,54404.77
2414,NORTE,2020-11-06,116247.92
2415,SUR,2020-11-26,42305.82
2416,LIMA,2021-05-31,310449.11
2417,SUR,2021-05-31,59054.93
2418,CENTRO-ORIENTE,2021-01-07,61091.38
2419,NORTE,2019-09-15,194.75
2420,SUR,2019-10-05,41620.09
2421,LIMA,2020-05-27,219373.25
2422,LIMA,2020-11-29,27076.19
2423,SUR,2020-04-08,53759.28
2424,NORTE,2020-05-04,149050.84
2425,NORTE,2020-11-09,160649.0
2426,CENTRO-ORIENTE,2019-11-16,49545.39
2427,NORTE,2020-11-03,103739.57
2428,SUR,2021-05-28,37593.84
2429,LIMA,2019-10-08,167262.06
2430,NORTE,2021-05-08,167429.12
2431,NORTE,2021-01-06,192627.67
2432,SUR,2020-02-04,52248.76
2433,NORTE,2020-07-04,136480.18
2434,CENTRO-ORIENTE,2020-07-11,42048.63
2435,LIMA,2021-01-29,360628.49
2436,NORTE,2020-07-07,162342.49
2437,CENTRO-ORIENTE,2020-07-17,40959.14
2438,CENTRO-ORIENTE,2021-01-13,60237.79
2439,NORTE,2020-01-03,91881.71
2440,SUR,2020-08-08,32061.68
2441,LIMA,2020-07-27,164613.02
2442,CENTRO-ORIENTE,2020-01-10,73282.86
2443,NORTE,2021-01-09,200635.05
2444,LIMA,2020-07-30,207825.58
2445,CENTRO-ORIENTE,2021-01-16,57576.28
2446,SUR,2021-03-22,47926.93
2447,NORTE,2021-02-24,180949.4
2448,SUR,2020-09-17,44016.44
2449,LIMA,2020-01-20,202064.43
2450,NORTE,2019-12-31,132473.71
2451,SUR,2020-03-21,50739.92
2452,NORTE,2020-06-28,23.0
2453,CENTRO-ORIENTE,2019-11-17,4548.92
2454,LIMA,2020-01-17,228629.57
2455,NORTE,2019-12-28,286795.35
2456,LIMA,2020-07-21,191517.31
2457,SUR,2020-09-26,44186.49
2458,CENTRO-ORIENTE,2020-05-21,54013.61
2459,LIMA,2020-07-18,188620.25
2460,SUR,2020-03-24,40027.53
2461,NORTE,2020-07-01,78621.67
2462,CENTRO-ORIENTE,2020-11-20,54811.73
2463,NORTE,2020-06-25,153706.96
2464,SUR,2019-09-20,85827.58
2465,CENTRO-ORIENTE,2019-11-14,54426.48
2466,SUR,2020-09-23,44347.58
2467,LIMA,2020-07-24,159139.41
2468,CENTRO-ORIENTE,2020-05-18,58676.98
2469,NORTE,2020-07-10,111386.82
2470,CENTRO-ORIENTE,2020-07-14,32871.74
2471,LIMA,2021-02-01,194776.53
2472,LIMA,2020-01-26,7721.71
2473,SUR,2020-08-05,60959.16
2474,SUR,2020-02-01,13115.85
2475,LIMA,2021-01-23,188255.37
2476,SUR,2020-09-29,44058.97
2477,SUR,2021-04-03,19311.94
2478,NORTE,2020-12-31,286363.81
2479,CENTRO-ORIENTE,2020-01-19,6146.13
2480,CENTRO-ORIENTE,2020-01-13,46345.32
2481,LIMA,2019-12-05,221455.05
2482,SUR,2021-03-31,98758.63
2483,NORTE,2019-11-09,148246.61
2484,CENTRO-ORIENTE,2021-03-09,36227.44
2485,CENTRO-ORIENTE,2020-01-16,58769.17
2486,LIMA,2021-01-26,178042.67
2487,SUR,2020-02-07,42362.26
2488,LIMA,2019-12-02,167940.89
2489,NORTE,2019-11-12,173275.34
2490,SUR,2021-02-13,26737.03
2491,NORTE,2020-05-22,144290.14
2492,SUR,2020-08-11,46118.97
2493,CENTRO-ORIENTE,2020-07-23,54068.95
2494,SUR,2020-08-14,45394.48
2495,NORTE,2020-11-21,103578.74
2496,SUR,2021-02-16,24499.14
2497,SUR,2020-02-10,41958.68
2498,NORTE,2020-05-19,244664.32
2499,CENTRO-ORIENTE,2021-01-25,45845.45
2500,NORTE,2019-11-15,166479.29
2501,LIMA,2020-06-08,200476.38
2502,LIMA,2020-12-11,174772.92
2503,CENTRO-ORIENTE,2020-07-20,43542.57
2504,NORTE,2020-05-16,128902.1
2505,SUR,2020-02-13,36795.61
2506,NORTE,2020-11-18,193376.48
2507,LIMA,2020-06-11,225634.58
2508,LIMA,2019-12-08,4181.74
2509,SUR,2020-08-17,44488.69
2510,LIMA,2020-12-14,231867.89
2511,CENTRO-ORIENTE,2021-01-22,68205.21
