,Region,Fecha,Soles
0,NORTE,2020-11-25,2757213.61
1,CENTRO-ORIENTE,2019-11-26,904690.95
2,LIMA,2020-06-12,5070780.89
3,CENTRO-ORIENTE,2020-11-29,212262.52
4,CENTRO-ORIENTE,2020-05-27,1738100.35
5,NORTE,2020-05-23,2615988.07
6,LIMA,2020-12-15,4197715.85
7,SUR,2020-10-12,840518.36
8,SUR,2021-04-16,959076.96
9,SUR,2020-10-15,1732499.76
10,NORTE,2020-11-22,2611.46
11,LIMA,2020-12-18,4904212.79
12,SUR,2021-04-19,1443823.13
13,CENTRO-ORIENTE,2020-05-30,2096973.01
14,NORTE,2020-05-20,3175828.67
15,LIMA,2020-06-15,4256837.69
16,CENTRO-ORIENTE,2020-12-02,1409225.42
17,NORTE,2020-11-19,2861441.92
18,SUR,2020-04-15,3460146.9
19,NORTE,2021-05-24,3160936.34
20,SUR,2020-04-21,1308995.7
21,CENTRO-ORIENTE,2019-12-02,515373.23
22,LIMA,2021-06-16,3046992.0
23,LIMA,2019-10-21,4293020.03
24,NORTE,2021-05-21,2535261.08
25,CENTRO-ORIENTE,2021-01-23,1680749.09
26,NORTE,2019-09-25,3622074.28
27,SUR,2021-06-10,1214370.67
28,CENTRO-ORIENTE,2019-11-29,799360.89
29,LIMA,2020-12-09,2998034.24
30,SUR,2020-04-18,883962.97
31,CENTRO-ORIENTE,2020-06-02,1554410.12
32,NORTE,2020-11-16,4464075.94
33,SUR,2020-10-21,1082911.44
34,LIMA,2021-06-13,22998.38
35,LIMA,2019-10-18,4664553.49
36,LIMA,2020-12-12,3581502.04
37,NORTE,2019-09-28,2709685.38
38,LIMA,2020-04-21,4285412.62
39,CENTRO-ORIENTE,2021-01-29,1736079.94
40,NORTE,2019-11-28,3189146.96
41,LIMA,2020-08-09,491410.51
42,CENTRO-ORIENTE,2020-07-27,1329925.12
43,LIMA,2019-12-21,4966488.04
44,SUR,2020-02-14,1132890.94
45,NORTE,2021-01-19,2891362.96
46,SUR,2020-08-18,1482340.41
47,SUR,2021-02-20,383429.4
48,LIMA,2021-02-08,2784134.35
49,NORTE,2020-07-17,2584527.06
50,CENTRO-ORIENTE,2020-07-24,1198090.81
51,LIMA,2021-02-14,22401.96
52,LIMA,2020-08-12,4493167.3
53,CENTRO-ORIENTE,2019-12-05,1000075.9
54,SUR,2020-08-21,2122814.66
55,NORTE,2021-01-22,2763161.08
56,SUR,2020-08-15,798508.85
57,CENTRO-ORIENTE,2021-01-26,1174049.0
58,NORTE,2020-07-20,3526487.29
59,LIMA,2021-02-11,2259898.34
60,LIMA,2019-12-15,529708.72
61,CENTRO-ORIENTE,2020-08-02,156016.93
62,NORTE,2019-11-19,3423313.39
63,LIMA,2020-06-18,5171645.85
64,NORTE,2019-11-25,3400656.35
65,CENTRO-ORIENTE,2020-07-30,1626163.42
66,LIMA,2019-12-12,4202899.21
67,LIMA,2019-12-18,4077966.8
68,SUR,2020-02-20,1229463.15
69,SUR,2020-02-17,858742.28
70,NORTE,2020-05-26,4259820.11
71,NORTE,2021-01-16,2451863.29
72,CENTRO-ORIENTE,2020-01-29,1041902.44
73,NORTE,2019-11-22,3251238.61
74,SUR,2021-04-13,1103054.59
75,NORTE,2021-03-18,2914062.12
76,CENTRO-ORIENTE,2021-03-22,968726.66
77,SUR,2019-12-18,1098443.44
78,NORTE,2020-01-25,2520742.3
79,NORTE,2020-01-28,3416267.36
80,LIMA,2020-02-17,3704147.82
81,CENTRO-ORIENTE,2021-03-25,1932366.55
82,CENTRO-ORIENTE,2020-02-01,617713.42
83,LIMA,2021-04-10,2591190.09
84,NORTE,2021-03-21,7021.22
85,NORTE,2021-03-15,2674007.18
86,SUR,2020-06-18,1068588.57
87,SUR,2020-06-24,1517014.45
88,LIMA,2021-04-07,3589492.93
89,SUR,2019-12-21,1130852.24
90,CENTRO-ORIENTE,2021-03-28,294271.7
91,LIMA,2021-04-13,2486657.17
92,LIMA,2020-02-20,3207895.8
93,CENTRO-ORIENTE,2020-02-04,965031.2
94,NORTE,2020-07-23,2410603.95
95,NORTE,2020-01-19,75373.37
96,SUR,2019-12-24,847232.94
97,LIMA,2020-08-15,3692754.13
98,CENTRO-ORIENTE,2020-09-26,1095889.63
99,LIMA,2020-02-11,3901762.72
100,CENTRO-ORIENTE,2021-03-31,2396063.25
101,CENTRO-ORIENTE,2020-03-27,1128069.21
102,SUR,2021-02-17,811753.44
103,CENTRO-ORIENTE,2020-09-29,1838032.17
104,NORTE,2020-07-26,63112.63
105,NORTE,2020-01-22,3023680.52
106,CENTRO-ORIENTE,2020-09-23,1326503.22
107,LIMA,2020-08-18,3983567.99
108,LIMA,2020-02-14,3650419.48
109,SUR,2021-02-11,797370.26
110,SUR,2021-06-19,970671.54
111,NORTE,2020-03-26,2322673.72
112,CENTRO-ORIENTE,2020-10-02,1069138.96
113,CENTRO-ORIENTE,2021-05-22,1252693.55
114,LIMA,2021-06-10,3223034.84
115,SUR,2019-10-21,829104.61
116,NORTE,2021-05-15,1693258.64
117,SUR,2020-04-24,1274696.83
118,LIMA,2019-10-15,3696159.46
119,CENTRO-ORIENTE,2019-09-29,165081.05
120,CENTRO-ORIENTE,2020-04-02,1426433.81
121,LIMA,2020-04-18,4472563.34
122,SUR,2021-06-16,1440221.48
123,LIMA,2020-04-15,5223040.41
124,LIMA,2020-10-18,19039.93
125,NORTE,2020-03-23,1871103.08
126,LIMA,2021-06-07,2858045.99
127,CENTRO-ORIENTE,2021-05-25,1087682.22
128,SUR,2020-12-12,935992.56
129,NORTE,2020-09-25,2868146.81
130,NORTE,2021-05-18,2338698.9
131,CENTRO-ORIENTE,2019-09-26,1011973.99
132,CENTRO-ORIENTE,2020-03-30,1060205.78
133,SUR,2019-10-24,809653.26
134,SUR,2019-10-18,783350.03
135,NORTE,2019-09-22,151493.48
136,CENTRO-ORIENTE,2021-05-28,1685239.96
137,CENTRO-ORIENTE,2020-11-23,1370553.18
138,SUR,2020-12-15,961570.17
139,NORTE,2020-03-20,2926809.74
140,CENTRO-ORIENTE,2019-10-05,979952.99
141,LIMA,2020-10-15,3329279.98
142,LIMA,2020-10-09,3836411.65
143,SUR,2020-12-21,1168632.04
144,LIMA,2021-04-16,2627562.34
145,NORTE,2020-09-22,2986942.16
146,NORTE,2020-09-16,2794752.4
147,SUR,2019-10-27,420.19
148,CENTRO-ORIENTE,2021-05-31,1665573.67
149,LIMA,2020-10-12,3019604.91
150,CENTRO-ORIENTE,2019-10-02,586542.06
151,SUR,2020-06-15,1094300.64
152,SUR,2020-12-18,2960942.39
153,NORTE,2020-09-19,2816458.51
154,NORTE,2021-03-24,2636383.4
155,CENTRO-ORIENTE,2020-11-26,1549515.14
156,LIMA,2019-10-30,4787556.2
157,SUR,2020-02-29,2200926.96
158,CENTRO-ORIENTE,2020-04-14,1323421.43
159,LIMA,2019-10-24,4316741.13
160,CENTRO-ORIENTE,2021-06-03,1120946.58
161,SUR,2020-09-02,1258400.76
162,NORTE,2021-05-30,30808.6
163,CENTRO-ORIENTE,2019-10-11,1257432.94
164,NORTE,2019-10-01,2242918.04
165,CENTRO-ORIENTE,2021-06-09,1468592.94
166,SUR,2021-04-22,861053.99
167,NORTE,2019-10-07,3450198.36
168,LIMA,2020-04-30,5649440.05
169,SUR,2020-02-26,1222158.29
170,NORTE,2021-05-27,2434578.59
171,SUR,2020-03-03,835208.63
172,CENTRO-ORIENTE,2019-10-08,624734.9
173,LIMA,2021-06-19,2878722.89
174,LIMA,2019-10-27,35904.62
175,CENTRO-ORIENTE,2019-10-14,1027599.66
176,NORTE,2021-06-02,2199499.68
177,NORTE,2020-04-07,2145779.99
178,NORTE,2019-10-04,2936166.32
179,LIMA,2021-06-22,78953.52
180,CENTRO-ORIENTE,2021-06-06,244119.93
181,CENTRO-ORIENTE,2020-06-05,761450.26
182,NORTE,2020-10-04,6824.4
183,SUR,2021-04-28,1480786.7
184,CENTRO-ORIENTE,2019-10-17,1177183.63
185,SUR,2020-10-24,660823.72
186,LIMA,2020-04-24,3886010.82
187,SUR,2020-03-06,1100266.11
188,LIMA,2020-10-27,5196070.45
189,NORTE,2020-04-04,2653036.17
190,CENTRO-ORIENTE,2020-12-05,1213226.59
191,SUR,2019-09-02,743243.13
192,CENTRO-ORIENTE,2020-12-11,1447969.49
193,SUR,2021-05-01,24117.94
194,CENTRO-ORIENTE,2020-06-08,806412.7
195,NORTE,2020-10-07,3036843.43
196,LIMA,2020-10-30,6009407.16
197,SUR,2019-09-05,993315.36
198,LIMA,2020-04-27,3805046.85
199,NORTE,2020-04-01,1970485.54
200,CENTRO-ORIENTE,2020-12-08,811286.23
201,CENTRO-ORIENTE,2021-06-12,927135.43
202,LIMA,2020-06-24,5303615.54
203,NORTE,2020-06-07,5448.0
204,LIMA,2020-06-30,7298008.06
205,CENTRO-ORIENTE,2020-06-11,1342937.01
206,NORTE,2019-12-04,2791541.72
207,SUR,2020-01-02,314554.64
208,NORTE,2020-06-04,3784304.92
209,LIMA,2019-12-24,2406147.54
210,LIMA,2020-06-27,4019175.55
211,CENTRO-ORIENTE,2020-06-14,190961.19
212,CENTRO-ORIENTE,2019-12-11,928162.93
213,SUR,2019-12-30,1753557.75
214,LIMA,2019-12-27,5358800.16
215,SUR,2021-02-23,792415.59
216,CENTRO-ORIENTE,2021-02-04,1460825.64
217,NORTE,2021-06-05,2436335.28
218,SUR,2020-08-24,1617964.48
219,NORTE,2020-12-01,1619265.39
220,CENTRO-ORIENTE,2019-12-14,1144795.25
221,LIMA,2020-12-21,4299926.1
222,LIMA,2020-12-27,292210.4
223,SUR,2021-02-26,3455798.15
224,NORTE,2020-05-29,4248680.96
225,NORTE,2019-10-10,3061267.84
226,CENTRO-ORIENTE,2021-02-01,1328634.28
227,LIMA,2020-06-21,36355.93
228,LIMA,2019-11-02,3716003.82
229,SUR,2021-03-01,527429.89
230,CENTRO-ORIENTE,2021-02-07,141463.42
231,SUR,2020-08-27,1156688.68
232,NORTE,2020-11-28,2660835.59
233,NORTE,2020-12-04,2857003.61
234,CENTRO-ORIENTE,2019-12-17,1307301.22
235,LIMA,2020-12-24,2004441.69
236,NORTE,2020-06-01,2765709.09
237,SUR,2019-11-02,388794.68
238,NORTE,2020-07-29,3692267.3
239,CENTRO-ORIENTE,2020-08-11,1235008.09
240,LIMA,2020-08-24,3589676.83
241,LIMA,2020-08-21,3788750.48
242,CENTRO-ORIENTE,2021-02-10,1162459.83
243,CENTRO-ORIENTE,2020-08-05,1316044.62
244,LIMA,2021-02-26,4920007.68
245,NORTE,2020-08-04,3226006.32
246,SUR,2020-12-27,36131.03
247,SUR,2019-11-05,795207.27
248,CENTRO-ORIENTE,2020-08-08,839552.13
249,LIMA,2020-08-27,3824165.37
250,SUR,2020-12-24,947536.06
251,NORTE,2020-08-01,1579408.17
252,NORTE,2021-02-03,3271818.49
253,LIMA,2021-02-17,3853544.16
254,CENTRO-ORIENTE,2020-02-07,1399672.68
255,SUR,2020-06-27,1003845.07
256,NORTE,2019-12-10,3225671.77
257,LIMA,2019-12-30,5028313.14
258,NORTE,2021-01-25,3706926.04
259,CENTRO-ORIENTE,2020-02-13,1386533.21
260,NORTE,2021-01-31,5136.9
261,SUR,2021-01-02,364805.45
262,SUR,2020-06-30,1577308.03
263,LIMA,2021-02-20,4070508.36
264,CENTRO-ORIENTE,2020-08-14,1555808.63
265,SUR,2019-12-27,859488.2
266,CENTRO-ORIENTE,2021-04-03,931898.85
267,NORTE,2019-12-07,2306802.51
268,LIMA,2020-01-02,2036305.02
269,LIMA,2021-02-23,3123195.7
270,SUR,2020-07-03,938270.74
271,SUR,2020-12-30,1852407.45
272,NORTE,2021-01-28,3914033.59
273,CENTRO-ORIENTE,2020-02-10,1063140.54
274,NORTE,2020-02-09,4206.27
275,CENTRO-ORIENTE,2021-04-12,1206733.05
276,LIMA,2020-10-21,3618307.9
277,SUR,2020-10-30,1081446.83
278,LIMA,2021-04-25,19345.93
279,CENTRO-ORIENTE,2021-04-06,1220318.6
280,NORTE,2020-09-28,2922980.1
281,LIMA,2019-09-02,3713548.15
282,NORTE,2021-04-02,46511.93
283,SUR,2020-11-02,328184.85
284,SUR,2019-09-08,1423.19
285,LIMA,2021-04-28,2894697.0
286,CENTRO-ORIENTE,2021-04-09,1491177.59
287,CENTRO-ORIENTE,2020-10-05,1370709.37
288,LIMA,2020-10-24,3675567.95
289,LIMA,2021-04-22,3363069.42
290,NORTE,2021-04-05,2683355.41
291,SUR,2020-10-27,1004327.14
292,NORTE,2020-10-01,1973978.68
293,NORTE,2021-03-30,3910214.03
294,SUR,2020-04-27,1730366.48
295,LIMA,2020-03-03,3282700.17
296,CENTRO-ORIENTE,2020-10-08,960980.25
297,LIMA,2020-02-26,3719553.04
298,LIMA,2020-08-30,11271.19
299,NORTE,2020-02-03,2967429.66
300,LIMA,2021-04-19,2354020.0
301,NORTE,2020-08-07,2866059.3
302,CENTRO-ORIENTE,2020-04-08,1041629.0
303,NORTE,2021-03-27,2721779.68
304,LIMA,2020-02-29,4472005.29
305,SUR,2020-05-06,1286564.32
306,SUR,2020-04-30,1752475.96
307,SUR,2019-10-30,2217530.47
308,LIMA,2020-02-23,56459.23
309,NORTE,2020-02-06,3116663.92
310,SUR,2021-06-22,107728.67
311,NORTE,2020-01-31,5161411.59
312,CENTRO-ORIENTE,2020-04-11,1026522.83
313,CENTRO-ORIENTE,2020-04-05,155666.97
314,CENTRO-ORIENTE,2020-10-14,1092178.42
315,CENTRO-ORIENTE,2020-09-30,3240377.16
316,LIMA,2021-01-27,4772170.34
317,NORTE,2020-05-17,46480.36
318,CENTRO-ORIENTE,2021-04-04,216737.24
319,NORTE,2021-01-04,2375959.36
320,SUR,2020-04-09,454893.16
321,LIMA,2019-12-09,3674785.49
322,NORTE,2019-11-13,3024977.08
323,SUR,2019-10-09,991241.72
324,CENTRO-ORIENTE,2020-10-03,651696.17
325,CENTRO-ORIENTE,2020-09-27,206192.42
326,CENTRO-ORIENTE,2021-04-01,528347.66
327,SUR,2020-04-06,1733006.69
328,NORTE,2021-01-07,3344089.39
329,LIMA,2021-01-30,10754218.8
330,LIMA,2019-12-06,3785787.17
331,NORTE,2019-11-16,2654265.61
332,LIMA,2020-06-09,4542456.93
333,SUR,2021-06-01,346155.37
334,LIMA,2020-12-06,36902.15
335,NORTE,2020-05-11,4190057.8
336,SUR,2019-10-12,1548215.39
337,CENTRO-ORIENTE,2020-10-06,871661.29
338,SUR,2020-12-03,740317.97
339,NORTE,2020-11-13,2794651.33
340,CENTRO-ORIENTE,2021-05-26,1246384.59
341,SUR,2021-06-04,946272.79
342,CENTRO-ORIENTE,2020-04-06,848043.2
343,LIMA,2019-12-03,4405247.46
344,SUR,2020-11-30,4395868.01
345,SUR,2019-10-15,1074999.77
346,LIMA,2020-06-06,4292209.85
347,CENTRO-ORIENTE,2020-03-31,1726806.48
348,NORTE,2020-05-14,4147676.87
349,SUR,2021-06-07,855874.6
350,CENTRO-ORIENTE,2019-09-30,1810478.46
351,NORTE,2019-11-10,2965.31
352,LIMA,2020-06-03,4179355.53
353,CENTRO-ORIENTE,2020-04-03,1606867.35
354,SUR,2021-04-07,1178191.23
355,NORTE,2020-01-13,3556625.33
356,SUR,2021-04-01,558514.07
357,CENTRO-ORIENTE,2021-06-01,567630.53
358,LIMA,2020-02-05,3947795.25
359,CENTRO-ORIENTE,2019-10-09,1165725.26
360,CENTRO-ORIENTE,2019-10-03,1525551.23
361,LIMA,2021-03-29,3573376.3
362,CENTRO-ORIENTE,2020-11-27,1283545.33
363,LIMA,2020-02-02,106958.81
364,CENTRO-ORIENTE,2021-05-29,1105952.32
365,LIMA,2020-08-06,3876585.5
366,SUR,2020-02-11,1040971.22
367,CENTRO-ORIENTE,2019-10-06,188748.56
368,NORTE,2021-03-06,1954325.48
369,CENTRO-ORIENTE,2021-06-04,1110435.77
370,NORTE,2020-01-10,3295791.77
371,NORTE,2020-07-14,2429172.42
372,LIMA,2020-01-30,3348531.54
373,NORTE,2021-01-10,23302.35
374,LIMA,2021-02-02,3830629.07
375,SUR,2020-04-03,1526155.61
376,NORTE,2020-07-11,2671704.97
377,CENTRO-ORIENTE,2020-05-31,10902.6
378,SUR,2020-10-06,774251.41
379,NORTE,2020-01-07,3627953.37
380,LIMA,2020-07-31,6074309.57
381,SUR,2021-04-10,593459.9
382,CENTRO-ORIENTE,2020-12-03,1224384.14
383,NORTE,2021-01-13,2911717.38
384,CENTRO-ORIENTE,2020-11-30,2021297.23
385,LIMA,2021-02-05,3196306.42
386,CENTRO-ORIENTE,2020-05-28,1701290.66
387,NORTE,2020-07-08,2602587.79
388,SUR,2020-10-09,873914.83
389,SUR,2020-10-03,693866.86
390,LIMA,2020-08-03,3432838.8
391,CENTRO-ORIENTE,2020-06-03,793902.36
392,NORTE,2020-09-13,1558.82
393,NORTE,2020-03-11,3513918.94
394,CENTRO-ORIENTE,2019-12-06,998636.25
395,LIMA,2020-10-06,3571786.61
396,CENTRO-ORIENTE,2019-11-30,2008278.41
397,LIMA,2020-03-31,6102201.66
398,SUR,2021-02-08,1194202.54
399,SUR,2020-08-06,1719158.76
400,SUR,2019-12-15,264084.86
401,CENTRO-ORIENTE,2020-06-06,1291004.66
402,NORTE,2020-09-10,3200032.65
403,NORTE,2020-03-08,7758.04
404,SUR,2021-02-02,1227168.8
405,LIMA,2020-10-03,3866181.98
406,CENTRO-ORIENTE,2019-12-03,1138292.59
407,SUR,2021-02-05,959381.58
408,LIMA,2020-04-03,4519762.18
409,SUR,2020-08-03,1122297.07
410,CENTRO-ORIENTE,2021-01-24,163339.53
411,LIMA,2021-04-04,120118.94
412,SUR,2020-08-12,1191128.86
413,CENTRO-ORIENTE,2021-01-27,1641964.91
414,SUR,2020-02-08,849135.19
415,LIMA,2020-09-30,5063943.15
416,CENTRO-ORIENTE,2021-02-02,1657738.98
417,NORTE,2021-03-09,2864374.52
418,NORTE,2020-09-04,3626782.35
419,NORTE,2020-01-16,2887743.3
420,SUR,2020-02-05,981050.2
421,CENTRO-ORIENTE,2021-01-30,2540435.85
422,LIMA,2020-09-27,26759.46
423,LIMA,2020-02-08,4636606.37
424,CENTRO-ORIENTE,2020-07-28,449472.56
425,CENTRO-ORIENTE,2019-12-09,692613.72
426,NORTE,2021-03-12,2337595.95
427,LIMA,2021-04-01,1170767.25
428,NORTE,2020-09-07,3763335.85
429,SUR,2020-12-09,1164366.58
430,SUR,2020-06-06,824004.57
431,NORTE,2019-09-16,3320666.38
432,LIMA,2020-11-30,8678820.97
433,CENTRO-ORIENTE,2020-07-31,1735333.5
434,LIMA,2021-06-04,3126738.0
435,NORTE,2020-11-10,2832262.85
436,CENTRO-ORIENTE,2020-01-30,1764906.99
437,LIMA,2019-10-09,3592198.8
438,SUR,2020-06-03,2980338.65
439,NORTE,2019-09-19,2746691.82
440,NORTE,2020-05-08,2940474.01
441,LIMA,2020-12-03,3261578.85
442,CENTRO-ORIENTE,2020-08-03,947764.86
443,NORTE,2020-11-07,2760365.22
444,CENTRO-ORIENTE,2020-08-06,1101586.72
445,SUR,2020-06-09,1398474.54
446,NORTE,2021-05-12,2299719.31
447,LIMA,2019-10-12,4573287.06
448,NORTE,2021-05-03,1463492.84
449,SUR,2021-01-30,1960149.12
450,CENTRO-ORIENTE,2021-03-29,1567125.11
451,SUR,2020-06-12,1321759.77
452,LIMA,2021-05-29,3611604.45
453,LIMA,2020-04-06,3207518.14
454,NORTE,2019-09-13,2933557.02
455,NORTE,2020-11-04,2621432.75
456,CENTRO-ORIENTE,2020-02-05,1556298.66
457,LIMA,2019-10-03,3046161.96
458,NORTE,2021-05-09,5609.34
459,SUR,2019-12-09,841992.47
460,CENTRO-ORIENTE,2020-02-08,1139139.02
461,LIMA,2020-04-09,93185.04
462,NORTE,2020-03-14,5347308.41
463,NORTE,2020-03-17,5691926.16
464,LIMA,2020-11-27,3092061.67
465,CENTRO-ORIENTE,2021-03-26,1416400.58
466,NORTE,2019-09-10,3363228.82
467,LIMA,2021-06-01,1948870.56
468,CENTRO-ORIENTE,2020-02-02,211103.61
469,SUR,2019-12-12,1352451.26
470,LIMA,2021-05-26,4101984.38
471,NORTE,2021-05-06,2425419.49
472,SUR,2019-12-06,1078277.81
473,LIMA,2019-10-06,37764.28
474,LIMA,2020-04-10,1174.6
475,CENTRO-ORIENTE,2021-01-31,134235.86
476,NORTE,2019-09-14,2406638.62
477,NORTE,2020-03-18,2727478.76
478,LIMA,2021-06-02,3041936.81
479,CENTRO-ORIENTE,2019-12-10,958147.51
480,NORTE,2021-05-13,1981196.53
481,NORTE,2021-05-07,2519596.68
482,LIMA,2019-10-07,3871213.1
483,SUR,2020-08-10,1343775.73
484,LIMA,2020-04-13,4451007.59
485,SUR,2020-08-13,897503.63
486,NORTE,2019-09-17,3379536.72
487,CENTRO-ORIENTE,2021-02-03,1698048.25
488,NORTE,2020-03-21,2400668.98
489,LIMA,2020-04-07,4150917.56
490,CENTRO-ORIENTE,2020-08-01,654141.3
491,LIMA,2021-05-30,71163.09
492,CENTRO-ORIENTE,2019-12-13,1090021.88
493,NORTE,2021-05-10,2746174.17
494,LIMA,2019-10-10,4290035.26
495,SUR,2021-04-05,751750.32
496,NORTE,2020-09-11,2500919.88
497,SUR,2020-02-12,1488322.27
498,LIMA,2020-10-04,17228.34
499,CENTRO-ORIENTE,2020-08-07,1845615.52
500,LIMA,2020-04-04,3910430.39
501,CENTRO-ORIENTE,2021-02-06,1323506.1
502,NORTE,2020-09-14,3417309.5
503,CENTRO-ORIENTE,2020-02-03,1083887.03
504,SUR,2021-04-08,1007102.39
505,NORTE,2020-03-12,3775246.98
506,LIMA,2020-10-10,3451171.45
507,CENTRO-ORIENTE,2020-08-04,1109237.88
508,NORTE,2020-03-15,1365.24
509,LIMA,2020-10-07,4309327.4
510,SUR,2020-02-15,914520.36
511,NORTE,2020-09-17,2512163.52
512,CENTRO-ORIENTE,2020-02-09,7382.6
513,SUR,2019-12-16,894329.5
514,NORTE,2020-05-15,3740953.63
515,LIMA,2020-12-10,3915319.35
516,SUR,2021-02-03,1011338.95
517,CENTRO-ORIENTE,2021-04-02,278226.2
518,NORTE,2020-11-17,3017558.64
519,SUR,2020-06-16,938164.04
520,SUR,2019-12-13,1165023.5
521,NORTE,2019-11-11,4034371.57
522,LIMA,2020-06-04,4142687.11
523,LIMA,2020-06-10,4455556.52
524,NORTE,2020-05-12,3660674.82
525,CENTRO-ORIENTE,2020-02-06,1440017.77
526,NORTE,2020-05-18,4786246.88
527,CENTRO-ORIENTE,2020-08-10,1197075.3
528,SUR,2020-06-13,825295.24
529,CENTRO-ORIENTE,2021-03-30,1435157.84
530,SUR,2019-12-10,2157314.58
531,LIMA,2020-06-07,4177.97
532,CENTRO-ORIENTE,2020-02-12,1063762.78
533,NORTE,2019-09-20,2818273.52
534,LIMA,2020-12-04,4915756.88
535,CENTRO-ORIENTE,2020-10-04,151050.56
536,LIMA,2021-06-08,3071967.56
537,NORTE,2020-11-11,3353182.33
538,CENTRO-ORIENTE,2021-04-08,1451361.16
539,SUR,2021-02-06,878632.38
540,NORTE,2020-11-08,4529.22
541,SUR,2021-02-12,1591224.81
542,LIMA,2019-10-13,33321.28
543,SUR,2019-12-19,852563.17
544,LIMA,2020-12-07,4173535.74
545,CENTRO-ORIENTE,2020-10-01,459973.87
546,LIMA,2020-12-01,2327284.44
547,NORTE,2020-11-14,4234201.32
548,CENTRO-ORIENTE,2021-04-05,1151694.08
549,SUR,2021-02-09,1308815.45
550,LIMA,2021-06-05,3451457.56
551,LIMA,2019-10-16,4493116.61
552,SUR,2020-08-07,2109600.41
553,CENTRO-ORIENTE,2021-05-30,94714.21
554,LIMA,2020-08-07,4796598.7
555,SUR,2020-12-07,1259806.79
556,SUR,2021-06-08,828960.62
557,NORTE,2021-01-17,42308.97
558,LIMA,2020-08-04,4121579.64
559,CENTRO-ORIENTE,2020-10-07,1638762.07
560,NORTE,2020-07-15,3597801.12
561,LIMA,2021-02-06,2714873.28
562,CENTRO-ORIENTE,2020-04-04,1119756.65
563,SUR,2019-10-19,791916.61
564,NORTE,2021-01-11,4160117.7
565,SUR,2020-12-04,1153757.39
566,NORTE,2020-07-12,591.06
567,LIMA,2021-02-03,3713093.01
568,CENTRO-ORIENTE,2020-04-07,1313849.21
569,CENTRO-ORIENTE,2019-10-04,1295708.61
570,NORTE,2021-01-14,3034349.81
571,SUR,2021-06-11,993196.25
572,SUR,2019-10-16,789459.85
573,CENTRO-ORIENTE,2020-10-10,944318.02
574,LIMA,2021-02-09,2881524.92
575,CENTRO-ORIENTE,2019-10-07,855254.8
576,LIMA,2019-12-13,4114807.03
577,NORTE,2021-01-08,2718668.82
578,CENTRO-ORIENTE,2020-12-01,632926.32
579,NORTE,2019-11-17,2288.69
580,LIMA,2021-01-31,1730082.17
581,SUR,2020-06-10,1166957.35
582,LIMA,2019-12-07,4503427.99
583,CENTRO-ORIENTE,2021-06-05,1216837.38
584,NORTE,2020-05-21,3689356.99
585,LIMA,2019-12-10,4682191.45
586,CENTRO-ORIENTE,2021-06-02,894261.96
587,CENTRO-ORIENTE,2019-10-10,1308567.62
588,SUR,2020-12-10,1117805.73
589,LIMA,2020-06-13,4944257.71
590,NORTE,2019-11-20,3081970.03
591,NORTE,2019-11-14,3009636.01
592,CENTRO-ORIENTE,2019-10-13,181311.51
593,LIMA,2021-04-08,2998560.69
594,CENTRO-ORIENTE,2020-06-01,886509.05
595,SUR,2020-04-07,1417833.2
596,SUR,2020-10-10,764105.77
597,CENTRO-ORIENTE,2020-12-07,1012243.61
598,NORTE,2021-03-13,2174019.71
599,LIMA,2021-04-02,49.32
600,SUR,2021-04-14,1393396.36
601,NORTE,2020-09-08,3711084.09
602,LIMA,2021-04-05,2732125.45
603,CENTRO-ORIENTE,2020-06-04,1629428.52
604,LIMA,2020-10-01,2975537.04
605,NORTE,2020-01-20,3785432.73
606,CENTRO-ORIENTE,2021-06-08,1035143.36
607,LIMA,2020-02-12,3425425.16
608,NORTE,2021-03-10,2061060.3
609,SUR,2020-10-07,1043412.09
610,CENTRO-ORIENTE,2020-12-04,1368561.31
611,NORTE,2021-03-16,2327569.73
612,LIMA,2020-02-03,3461349.04
613,NORTE,2020-01-17,4043961.71
614,SUR,2019-10-10,1363093.97
615,LIMA,2020-02-09,29136.95
616,CENTRO-ORIENTE,2019-12-04,941470.75
617,SUR,2020-04-13,1589173.24
618,NORTE,2020-01-11,2852486.41
619,SUR,2020-04-16,1989669.48
620,LIMA,2020-08-10,4094665.74
621,CENTRO-ORIENTE,2021-01-28,2231134.69
622,NORTE,2020-01-14,2919972.61
623,SUR,2020-04-10,27203.66
624,CENTRO-ORIENTE,2019-12-07,1217167.01
625,CENTRO-ORIENTE,2020-06-10,1153432.71
626,LIMA,2020-02-06,4329438.44
627,SUR,2021-06-05,718685.07
628,SUR,2020-10-13,957147.04
629,NORTE,2020-07-18,2575326.27
630,CENTRO-ORIENTE,2020-03-28,1350898.55
631,NORTE,2020-07-02,2681016.81
632,CENTRO-ORIENTE,2021-05-20,1944397.85
633,SUR,2020-05-25,1303601.13
634,LIMA,2020-01-21,4320846.34
635,CENTRO-ORIENTE,2021-05-17,1486375.11
636,SUR,2020-05-22,1293873.65
637,SUR,2020-11-24,1214523.53
638,SUR,2021-05-29,640629.57
639,CENTRO-ORIENTE,2019-09-21,876433.17
640,LIMA,2020-07-25,3763844.39
641,CENTRO-ORIENTE,2020-03-25,1157187.09
642,LIMA,2021-01-24,40258.2
643,NORTE,2020-06-29,3776522.56
644,SUR,2019-10-03,679761.7
645,SUR,2020-11-27,1305796.82
646,CENTRO-ORIENTE,2021-05-14,1322471.08
647,NORTE,2019-12-29,247825.57
648,SUR,2020-11-21,643267.75
649,CENTRO-ORIENTE,2019-09-24,731394.9
650,LIMA,2020-07-22,3501457.55
651,LIMA,2021-01-21,3827957.15
652,NORTE,2019-11-07,3272200.46
653,SUR,2019-11-27,1107489.08
654,CENTRO-ORIENTE,2020-11-21,920545.23
655,NORTE,2020-12-29,5154035.81
656,CENTRO-ORIENTE,2020-11-15,199074.02
657,NORTE,2020-06-26,3059630.88
658,CENTRO-ORIENTE,2019-09-27,1108996.9
659,LIMA,2019-11-27,4121234.72
660,CENTRO-ORIENTE,2020-11-18,1154464.65
661,NORTE,2019-11-04,3239391.74
662,LIMA,2021-01-18,4117783.91
663,CENTRO-ORIENTE,2021-05-23,140618.71
664,SUR,2020-05-28,1142594.82
665,NORTE,2020-12-26,2251119.13
666,LIMA,2019-11-30,4552110.74
667,SUR,2020-03-25,1333062.97
668,LIMA,2021-03-23,3452025.0
669,CENTRO-ORIENTE,2020-05-25,1670337.11
670,NORTE,2020-08-29,3631164.17
671,NORTE,2021-03-03,2153320.99
672,CENTRO-ORIENTE,2020-05-19,1282765.87
673,NORTE,2020-02-25,2855747.32
674,LIMA,2020-09-18,3924399.45
675,SUR,2020-09-30,2807552.49
676,LIMA,2020-03-19,2967494.35
677,SUR,2020-03-28,1818111.17
678,NORTE,2021-02-28,2548.07
679,NORTE,2020-08-26,3287571.99
680,CENTRO-ORIENTE,2019-11-18,735543.49
681,CENTRO-ORIENTE,2020-11-24,1140235.1
682,LIMA,2020-09-21,3240560.03
683,CENTRO-ORIENTE,2020-05-22,986155.95
684,LIMA,2021-03-26,4832623.47
685,CENTRO-ORIENTE,2019-11-24,444.9
686,SUR,2019-09-30,4048441.76
687,NORTE,2021-02-25,3063986.14
688,SUR,2019-09-27,1172527.56
689,CENTRO-ORIENTE,2021-01-15,1618737.52
690,CENTRO-ORIENTE,2019-11-21,996756.53
691,NORTE,2020-01-01,470.4
692,NORTE,2021-02-22,3631568.91
693,SUR,2021-05-26,1154858.47
694,SUR,2021-05-20,1401103.3
695,NORTE,2020-07-05,10837.8
696,LIMA,2020-01-27,3560359.22
697,LIMA,2021-03-17,3839256.68
698,SUR,2019-09-24,904992.03
699,CENTRO-ORIENTE,2019-11-27,1617062.01
700,NORTE,2020-01-04,2102010.35
701,LIMA,2020-01-24,4286582.06
702,LIMA,2021-03-20,4228350.31
703,SUR,2020-03-31,1579578.77
704,LIMA,2020-07-28,734206.03
705,CENTRO-ORIENTE,2020-07-19,205202.8
706,NORTE,2020-03-05,2423948.69
707,LIMA,2020-11-15,16424.86
708,SUR,2021-03-23,1055285.57
709,LIMA,2020-03-28,4009313.53
710,SUR,2020-07-31,1952989.03
711,NORTE,2019-09-07,2353848.5
712,LIMA,2019-09-27,4534347.21
713,NORTE,2021-04-27,3169519.1
714,SUR,2020-01-27,1337913.18
715,CENTRO-ORIENTE,2021-01-21,1560163.09
716,NORTE,2020-10-23,4227153.82
717,NORTE,2020-10-26,4255586.07
718,LIMA,2021-05-23,63285.93
719,CENTRO-ORIENTE,2020-07-22,1071112.31
720,SUR,2021-03-20,824782.08
721,LIMA,2020-11-18,4138113.66
722,NORTE,2019-09-04,2909637.51
723,CENTRO-ORIENTE,2021-01-18,1197754.37
724,LIMA,2019-09-24,5607427.44
725,SUR,2020-01-30,870636.12
726,CENTRO-ORIENTE,2020-07-16,1297415.25
727,NORTE,2021-04-30,6710604.24
728,LIMA,2019-09-30,5836238.7
729,LIMA,2021-05-20,3075789.48
730,CENTRO-ORIENTE,2020-07-25,1380699.66
731,LIMA,2020-03-22,19338.99
732,SUR,2020-02-02,905.29
733,LIMA,2020-09-24,3987413.65
734,CENTRO-ORIENTE,2020-01-21,1148205.87
735,SUR,2021-03-29,1310557.33
736,LIMA,2019-09-21,4105560.1
737,SUR,2020-09-24,1195102.06
738,LIMA,2021-05-17,2332403.48
739,NORTE,2020-03-02,2576809.76
740,CENTRO-ORIENTE,2020-01-24,1581854.29
741,LIMA,2020-03-25,3290849.4
742,CENTRO-ORIENTE,2020-01-18,1504104.69
743,SUR,2021-03-26,1122740.86
744,NORTE,2021-04-24,3174885.09
745,NORTE,2020-02-28,3224637.01
746,SUR,2020-09-21,951566.13
747,NORTE,2020-09-01,2108342.09
748,CENTRO-ORIENTE,2021-03-14,193078.5
749,LIMA,2020-05-28,4389454.95
750,CENTRO-ORIENTE,2021-03-20,1085449.65
751,NORTE,2019-11-01,859932.86
752,CENTRO-ORIENTE,2020-09-15,1309411.41
753,NORTE,2020-05-05,4187511.26
754,LIMA,2021-01-15,4373626.61
755,NORTE,2020-05-02,2142910.9
756,SUR,2021-01-18,1911978.34
757,NORTE,2020-12-23,3426408.44
758,SUR,2019-12-03,795720.22
759,LIMA,2019-11-21,4055403.51
760,CENTRO-ORIENTE,2021-03-17,1300193.33
761,CENTRO-ORIENTE,2021-03-23,1055588.34
762,LIMA,2020-05-25,3482217.01
763,SUR,2021-01-21,1054647.77
764,CENTRO-ORIENTE,2020-01-27,1116136.98
765,NORTE,2019-10-29,4007368.69
766,SUR,2019-11-30,3268469.75
767,LIMA,2019-11-24,157908.14
768,SUR,2020-07-22,1359715.57
769,NORTE,2020-10-29,3809691.97
770,LIMA,2020-11-21,3960365.21
771,CENTRO-ORIENTE,2020-09-24,1135015.85
772,LIMA,2020-05-19,3556467.8
773,CENTRO-ORIENTE,2020-09-21,871909.83
774,LIMA,2020-11-24,3756070.53
775,CENTRO-ORIENTE,2020-03-19,1024047.03
776,NORTE,2021-06-21,3500966.0
777,SUR,2020-07-25,809913.02
778,NORTE,2020-04-29,3282401.43
779,CENTRO-ORIENTE,2020-09-18,1282898.49
780,SUR,2021-01-27,1829070.34
781,SUR,2020-01-24,1135372.32
782,LIMA,2020-05-22,4188143.23
783,SUR,2020-07-28,633571.11
784,NORTE,2020-11-01,3319.01
785,NORTE,2020-02-07,3140223.2
786,CENTRO-ORIENTE,2020-08-15,1136741.03
787,LIMA,2020-09-03,3477342.12
788,LIMA,2021-04-23,2895381.94
789,NORTE,2020-08-11,3061242.13
790,SUR,2019-12-31,1765024.47
791,NORTE,2021-03-31,7705885.33
792,SUR,2020-07-04,1019722.32
793,CENTRO-ORIENTE,2020-02-11,1027956.4
794,CENTRO-ORIENTE,2020-02-17,776336.31
795,LIMA,2020-03-04,3980466.47
796,SUR,2021-01-06,1369945.57
797,LIMA,2020-02-27,2802669.89
798,CENTRO-ORIENTE,2020-08-18,661017.5
799,LIMA,2020-08-31,5238431.49
800,NORTE,2020-02-10,3749051.05
801,NORTE,2020-02-04,2563595.66
802,CENTRO-ORIENTE,2021-04-07,1548286.16
803,NORTE,2020-08-08,2771592.42
804,CENTRO-ORIENTE,2020-02-14,816532.61
805,SUR,2020-07-01,859837.68
806,SUR,2021-01-03,45688.69
807,LIMA,2020-03-01,32759.13
808,CENTRO-ORIENTE,2021-04-10,1308117.97
809,CENTRO-ORIENTE,2021-04-16,1528100.09
810,SUR,2020-01-06,1387356.48
811,LIMA,2020-08-28,4787692.95
812,LIMA,2021-03-02,2538424.52
813,NORTE,2020-08-02,10511.88
814,NORTE,2021-02-04,2508783.3
815,CENTRO-ORIENTE,2020-10-09,1451672.58
816,CENTRO-ORIENTE,2021-04-13,1291460.87
817,SUR,2020-01-03,669954.16
818,LIMA,2020-08-25,3652781.35
819,LIMA,2021-02-27,9356430.3
820,SUR,2020-07-07,1286789.03
821,NORTE,2020-08-05,2962290.62
822,NORTE,2021-02-07,11566.02
823,SUR,2021-02-27,2246301.6
824,NORTE,2020-10-08,2659225.88
825,LIMA,2020-10-31,5987843.37
826,SUR,2020-11-06,1070638.36
827,LIMA,2020-04-28,4420074.62
828,NORTE,2020-10-11,6838.73
829,SUR,2020-05-04,1480739.03
830,CENTRO-ORIENTE,2020-10-15,955838.23
831,NORTE,2020-10-05,3243919.12
832,CENTRO-ORIENTE,2020-04-09,581747.54
833,LIMA,2020-10-28,5017805.57
834,NORTE,2020-04-05,9086.86
835,SUR,2020-05-07,1399032.4
836,CENTRO-ORIENTE,2020-10-12,845820.29
837,LIMA,2020-11-03,2878313.05
838,NORTE,2020-10-02,2105272.57
839,CENTRO-ORIENTE,2020-04-18,1019848.49
840,LIMA,2021-04-29,3458093.32
841,SUR,2019-11-06,921533.02
842,NORTE,2021-04-06,2447579.04
843,LIMA,2019-09-06,5010673.02
844,CENTRO-ORIENTE,2019-10-15,1265859.34
845,CENTRO-ORIENTE,2021-06-07,633603.43
846,LIMA,2020-10-25,15307.79
847,NORTE,2020-02-13,4107763.24
848,NORTE,2021-04-09,2787956.21
849,SUR,2020-12-31,1735236.92
850,CENTRO-ORIENTE,2020-04-15,1194035.91
851,SUR,2019-11-09,1388645.9
852,LIMA,2021-05-02,12977.71
853,CENTRO-ORIENTE,2019-10-18,1325399.92
854,LIMA,2021-04-26,2480747.02
855,CENTRO-ORIENTE,2019-10-12,827052.06
856,CENTRO-ORIENTE,2021-06-10,2027748.17
857,LIMA,2020-03-07,3630683.91
858,LIMA,2019-09-03,4909301.37
859,NORTE,2021-04-03,1116010.54
860,CENTRO-ORIENTE,2020-12-06,289968.31
861,SUR,2020-12-28,2147998.41
862,CENTRO-ORIENTE,2020-12-12,1528148.73
863,NORTE,2019-10-11,2753666.5
864,SUR,2021-04-26,1263266.49
865,SUR,2020-10-28,1074165.2
866,CENTRO-ORIENTE,2020-06-09,1720733.78
867,LIMA,2019-11-03,316482.08
868,NORTE,2021-06-09,2157351.81
869,SUR,2020-03-10,1598633.52
870,SUR,2019-09-06,1304183.4
871,LIMA,2020-12-25,831.7
872,CENTRO-ORIENTE,2021-06-13,186440.59
873,NORTE,2020-06-02,2839046.44
874,CENTRO-ORIENTE,2020-12-09,1392338.24
875,NORTE,2020-12-05,2750972.37
876,LIMA,2020-06-25,4138524.28
877,SUR,2021-04-29,1871621.68
878,NORTE,2019-10-14,3733905.12
879,LIMA,2020-12-28,4755377.85
880,CENTRO-ORIENTE,2020-12-15,1301658.18
881,LIMA,2019-11-06,5299449.98
882,NORTE,2021-06-06,2210.68
883,SUR,2019-09-03,1046159.87
884,NORTE,2020-12-02,2782559.98
885,CENTRO-ORIENTE,2019-10-21,810105.73
886,SUR,2020-03-07,1241578.47
887,NORTE,2021-06-03,1801685.98
888,CENTRO-ORIENTE,2020-06-15,1230772.94
889,LIMA,2019-10-28,3700169.56
890,NORTE,2020-04-08,3037144.96
891,NORTE,2019-10-05,2816807.47
892,SUR,2020-10-31,5185974.91
893,CENTRO-ORIENTE,2019-12-12,1343370.85
894,LIMA,2020-05-04,3906972.7
895,SUR,2019-09-12,1115251.5
896,NORTE,2019-10-08,2045915.79
897,CENTRO-ORIENTE,2020-06-12,984404.76
898,NORTE,2021-05-31,4562700.67
899,SUR,2021-05-05,672656.02
900,LIMA,2019-10-31,7045971.49
901,CENTRO-ORIENTE,2020-06-18,1415786.48
902,SUR,2020-11-03,654131.29
903,LIMA,2020-05-01,1425385.71
904,SUR,2019-09-09,1203413.49
905,SUR,2020-05-01,2778659.43
906,NORTE,2020-04-11,1431827.72
907,LIMA,2021-02-21,13850.23
908,SUR,2020-08-31,1979955.33
909,NORTE,2019-12-08,35206.56
910,SUR,2021-03-02,622167.75
911,NORTE,2019-12-14,3192467.9
912,CENTRO-ORIENTE,2021-02-08,739771.77
913,LIMA,2021-02-24,3893386.33
914,LIMA,2020-01-03,3890891.68
915,CENTRO-ORIENTE,2019-12-18,1222727.97
916,NORTE,2021-01-29,4263665.52
917,SUR,2020-01-09,1010376.35
918,CENTRO-ORIENTE,2021-02-05,1047459.57
919,SUR,2020-08-28,913399.35
920,NORTE,2019-12-11,3037506.29
921,SUR,2021-03-05,816831.66
922,LIMA,2019-12-31,5103089.3
923,LIMA,2020-01-06,4521931.3
924,CENTRO-ORIENTE,2019-12-21,1314606.45
925,NORTE,2021-02-01,2239003.39
926,LIMA,2020-12-31,9645530.3
927,NORTE,2020-06-05,3139257.58
928,SUR,2020-03-04,857959.05
929,NORTE,2020-06-11,3358297.13
930,CENTRO-ORIENTE,2020-08-09,136280.69
931,LIMA,2020-07-04,4120401.33
932,LIMA,2019-12-28,5611207.63
933,CENTRO-ORIENTE,2020-08-12,1307964.64
934,NORTE,2020-06-08,4097985.33
935,NORTE,2019-12-05,2664001.94
936,LIMA,2020-07-01,11162979.61
937,SUR,2020-09-03,1127412.06
938,CENTRO-ORIENTE,2021-02-14,212811.79
939,CENTRO-ORIENTE,2021-02-11,1133345.24
940,NORTE,2020-12-08,2960239.3
941,SUR,2021-02-18,843721.66
942,LIMA,2020-10-19,3277437.44
943,NORTE,2020-09-26,2818740.58
944,LIMA,2020-10-13,3703580.26
945,SUR,2019-12-28,1508969.67
946,NORTE,2020-09-20,27141.62
947,CENTRO-ORIENTE,2020-06-19,1070117.11
948,CENTRO-ORIENTE,2019-12-16,934668.53
949,NORTE,2021-03-25,2561173.31
950,SUR,2021-02-15,875065.48
951,SUR,2019-12-25,4851.86
952,CENTRO-ORIENTE,2020-12-19,1326582.82
953,LIMA,2021-04-20,2477526.73
954,LIMA,2020-10-16,3007330.1
955,CENTRO-ORIENTE,2020-06-16,901699.73
956,LIMA,2021-04-17,2373908.24
957,NORTE,2021-03-28,1440.65
958,NORTE,2020-09-23,3077002.82
959,LIMA,2020-02-24,4371902.68
960,CENTRO-ORIENTE,2020-06-22,803916.41
961,NORTE,2020-02-01,1509355.29
962,LIMA,2021-04-14,2782359.23
963,SUR,2020-08-22,692434.07
964,SUR,2021-02-24,807481.01
965,NORTE,2021-03-19,1846090.76
966,CENTRO-ORIENTE,2019-12-22,28275.82
967,LIMA,2020-02-21,3231241.17
968,CENTRO-ORIENTE,2021-02-12,1485834.14
969,NORTE,2020-01-26,60695.1
970,SUR,2020-02-18,2704161.08
971,NORTE,2020-01-29,3136277.92
972,CENTRO-ORIENTE,2021-02-09,1357029.88
973,LIMA,2020-02-18,3740033.98
974,LIMA,2021-04-11,11371.03
975,SUR,2020-08-19,1300350.08
976,CENTRO-ORIENTE,2019-12-19,1076464.73
977,NORTE,2021-03-22,3203732.53
978,LIMA,2021-06-14,2726362.0
979,NORTE,2021-05-28,2264470.67
980,CENTRO-ORIENTE,2020-08-13,1284236.46
981,SUR,2019-10-31,1566790.52
982,LIMA,2021-06-20,18011.74
983,NORTE,2021-05-22,2090195.69
984,CENTRO-ORIENTE,2021-02-15,735078.97
985,SUR,2020-12-19,1025769.42
986,LIMA,2019-10-19,4343634.14
987,NORTE,2020-04-02,2339545.38
988,LIMA,2020-12-13,38058.79
989,NORTE,2019-09-29,20665.05
990,NORTE,2020-11-20,3494768.64
991,NORTE,2021-05-25,6237512.49
992,LIMA,2019-10-25,4952924.06
993,LIMA,2021-06-17,2780985.04
994,CENTRO-ORIENTE,2021-02-18,1070214.87
995,LIMA,2020-04-25,4275959.2
996,NORTE,2019-10-02,2644072.35
997,LIMA,2019-10-22,4214735.94
998,SUR,2020-12-22,1163971.24
999,SUR,2020-06-19,979885.23
1000,SUR,2019-10-28,1269290.35
1001,CENTRO-ORIENTE,2019-12-25,150597.06
1002,NORTE,2019-09-26,3057555.03
1003,SUR,2020-06-25,1265466.62
1004,CENTRO-ORIENTE,2020-08-19,1811931.21
1005,SUR,2019-12-22,49641.92
1006,NORTE,2020-03-24,2329406.04
1007,NORTE,2020-03-30,3646488.61
1008,NORTE,2021-05-19,2595717.36
1009,CENTRO-ORIENTE,2020-02-15,879353.18
1010,LIMA,2020-04-16,4606140.11
1011,LIMA,2020-04-22,4553916.45
1012,NORTE,2019-09-23,3291171.71
1013,SUR,2020-06-22,919361.94
1014,NORTE,2020-03-27,1777120.65
1015,CENTRO-ORIENTE,2021-04-11,337512.92
1016,LIMA,2020-10-22,3349206.84
1017,LIMA,2021-06-11,3154227.28
1018,NORTE,2020-09-29,3559604.29
1019,CENTRO-ORIENTE,2020-02-18,1494642.71
1020,LIMA,2020-04-19,483583.3
1021,CENTRO-ORIENTE,2020-08-22,1068204.92
1022,CENTRO-ORIENTE,2021-04-14,1598190.83
1023,LIMA,2020-06-22,4403549.77
1024,NORTE,2019-11-26,3645122.83
1025,LIMA,2019-12-19,3885066.85
1026,SUR,2020-10-22,1160104.04
1027,CENTRO-ORIENTE,2020-02-21,1049555.62
1028,CENTRO-ORIENTE,2021-04-17,687070.21
1029,SUR,2020-04-22,1626325.26
1030,NORTE,2019-11-23,2500509.52
1031,NORTE,2020-05-27,3014482.02
1032,CENTRO-ORIENTE,2020-10-13,1095610.71
1033,LIMA,2019-12-16,4306213.99
1034,NORTE,2019-11-29,4748064.44
1035,SUR,2021-06-14,1116328.64
1036,LIMA,2020-06-19,4116332.91
1037,LIMA,2019-12-22,1311663.43
1038,NORTE,2020-05-30,5329862.87
1039,SUR,2021-06-17,1195124.94
1040,CENTRO-ORIENTE,2020-04-16,2039490.11
1041,NORTE,2020-11-23,3336390.37
1042,SUR,2020-04-28,1359610.13
1043,LIMA,2020-12-19,5629069.9
1044,NORTE,2020-11-29,16229.51
1045,LIMA,2020-06-16,4772657.55
1046,CENTRO-ORIENTE,2020-10-19,668863.64
1047,SUR,2019-10-25,1152180.36
1048,NORTE,2020-11-26,2459656.59
1049,SUR,2020-12-16,1265439.12
1050,SUR,2019-10-22,2437830.16
1051,NORTE,2020-05-24,26646.64
1052,LIMA,2020-12-16,4760491.3
1053,SUR,2020-04-25,823488.47
1054,CENTRO-ORIENTE,2021-04-20,933183.17
1055,CENTRO-ORIENTE,2020-04-13,1727456.18
1056,CENTRO-ORIENTE,2020-10-16,1571587.98
1057,LIMA,2020-12-22,4611263.73
1058,NORTE,2020-07-27,3421332.38
1059,CENTRO-ORIENTE,2019-10-19,976148.73
1060,NORTE,2020-01-23,3937028.58
1061,LIMA,2020-08-19,4279975.72
1062,CENTRO-ORIENTE,2020-04-22,749867.46
1063,SUR,2020-02-21,726894.14
1064,LIMA,2020-02-15,3056151.27
1065,CENTRO-ORIENTE,2021-06-11,1288434.48
1066,NORTE,2020-07-24,3607675.74
1067,NORTE,2020-07-30,3899687.51
1068,LIMA,2020-08-16,52529.24
1069,SUR,2020-02-24,816800.86
1070,CENTRO-ORIENTE,2019-10-16,1174668.65
1071,LIMA,2020-08-22,4133143.28
1072,SUR,2020-08-25,2258388.68
1073,SUR,2021-04-17,724179.67
1074,CENTRO-ORIENTE,2021-06-14,867716.4
1075,SUR,2020-02-27,934720.15
1076,LIMA,2021-02-15,4024768.37
1077,NORTE,2019-12-02,2241164.22
1078,LIMA,2020-08-13,3805666.21
1079,CENTRO-ORIENTE,2020-12-16,1564641.16
1080,CENTRO-ORIENTE,2020-12-10,1403259.0
1081,LIMA,2019-12-25,7253.47
1082,SUR,2020-10-16,920283.66
1083,CENTRO-ORIENTE,2020-06-13,1477718.78
1084,SUR,2021-04-20,1026123.65
1085,CENTRO-ORIENTE,2019-10-22,1034601.5
1086,NORTE,2021-01-23,2537447.33
1087,NORTE,2020-07-21,3065415.38
1088,LIMA,2021-02-12,2332109.9
1089,CENTRO-ORIENTE,2021-06-17,1058624.98
1090,CENTRO-ORIENTE,2020-12-13,242406.77
1091,LIMA,2021-02-18,3026809.6
1092,SUR,2020-10-19,1079051.89
1093,CENTRO-ORIENTE,2019-10-25,1110145.79
1094,NORTE,2021-01-20,3282721.48
1095,SUR,2021-04-23,1096511.09
1096,NORTE,2021-01-26,3058089.82
1097,LIMA,2020-05-26,3868958.06
1098,SUR,2020-02-06,1142846.62
1099,CENTRO-ORIENTE,2020-05-07,1441446.42
1100,LIMA,2020-11-28,6017444.76
1101,CENTRO-ORIENTE,2020-11-09,690765.21
1102,NORTE,2020-04-30,3659423.81
1103,SUR,2021-03-27,871768.43
1104,LIMA,2020-11-22,182658.6
1105,NORTE,2019-09-11,2611429.73
1106,NORTE,2020-11-02,2060761.02
1107,SUR,2021-04-02,58372.43
1108,CENTRO-ORIENTE,2020-11-12,1169095.65
1109,LIMA,2020-05-23,4039819.5
1110,LIMA,2020-11-25,2956111.56
1111,SUR,2021-03-30,1686427.47
1112,NORTE,2020-11-05,2826809.02
1113,NORTE,2020-10-30,5191588.82
1114,LIMA,2019-10-04,4725174.4
1115,SUR,2020-09-25,1093073.89
1116,CENTRO-ORIENTE,2019-09-18,1170461.33
1117,CENTRO-ORIENTE,2020-05-13,1195780.62
1118,NORTE,2020-10-27,4203145.43
1119,NORTE,2021-05-01,4162.55
1120,NORTE,2020-03-09,3432075.24
1121,LIMA,2020-11-19,2720136.82
1122,NORTE,2019-09-05,3505321.52
1123,LIMA,2019-09-25,3959741.16
1124,LIMA,2021-05-27,2987337.89
1125,LIMA,2019-10-01,2723554.62
1126,CENTRO-ORIENTE,2019-11-09,1042965.3
1127,SUR,2020-09-28,1192495.24
1128,NORTE,2021-05-04,3331869.27
1129,LIMA,2021-05-21,2906745.48
1130,NORTE,2019-09-02,3009373.28
1131,LIMA,2020-04-01,3557149.56
1132,LIMA,2019-09-28,4718716.73
1133,NORTE,2021-04-28,2976004.34
1134,CENTRO-ORIENTE,2019-11-12,1083002.07
1135,CENTRO-ORIENTE,2020-05-16,1346355.55
1136,LIMA,2021-05-24,3311110.73
1137,SUR,2020-10-01,386901.56
1138,CENTRO-ORIENTE,2021-01-06,1310124.31
1139,LIMA,2021-01-25,4075600.9
1140,SUR,2021-01-28,1873263.37
1141,LIMA,2021-01-19,4466493.3
1142,NORTE,2021-01-02,301905.61
1143,CENTRO-ORIENTE,2019-11-15,1093595.42
1144,NORTE,2020-12-27,97890.35
1145,SUR,2020-07-29,1000417.49
1146,LIMA,2019-12-01,42255.53
1147,CENTRO-ORIENTE,2021-01-03,108148.85
1148,NORTE,2019-11-08,3367314.51
1149,LIMA,2021-01-22,3617621.29
1150,CENTRO-ORIENTE,2021-01-09,1635155.09
1151,NORTE,2020-12-30,7723485.07
1152,LIMA,2019-12-04,4058838.68
1153,NORTE,2019-11-05,3827993.29
1154,LIMA,2020-06-01,4203496.49
1155,CENTRO-ORIENTE,2020-01-09,1428533.75
1156,NORTE,2020-05-09,2762435.91
1157,CENTRO-ORIENTE,2020-07-13,1104130.2
1158,SUR,2020-01-31,2702509.38
1159,SUR,2020-08-04,1567432.18
1160,CENTRO-ORIENTE,2020-07-07,868689.33
1161,LIMA,2019-11-25,3869128.9
1162,SUR,2020-02-03,1112701.53
1163,LIMA,2020-05-29,4544302.18
1164,NORTE,2019-11-02,1314277.35
1165,NORTE,2020-05-06,3036136.58
1166,SUR,2020-08-01,605137.79
1167,SUR,2021-03-24,1423390.41
1168,CENTRO-ORIENTE,2020-01-06,985690.85
1169,LIMA,2019-11-28,4112942.68
1170,CENTRO-ORIENTE,2021-01-12,1240844.7
1171,SUR,2020-01-28,1390827.02
1172,CENTRO-ORIENTE,2020-07-10,1363174.87
1173,CENTRO-ORIENTE,2020-01-15,937446.15
1174,SUR,2020-06-04,1063899.01
1175,LIMA,2020-01-28,3608526.15
1176,NORTE,2021-03-01,1265930.93
1177,SUR,2020-05-29,1900951.5
1178,CENTRO-ORIENTE,2021-03-05,958115.13
1179,NORTE,2020-07-09,2722552.91
1180,LIMA,2021-03-21,12705.43
1181,SUR,2020-06-01,588988.0
1182,LIMA,2020-01-31,4744957.34
1183,SUR,2019-11-28,791052.44
1184,CENTRO-ORIENTE,2020-01-12,258478.12
1185,NORTE,2021-02-26,3428801.53
1186,LIMA,2021-03-24,5892889.63
1187,NORTE,2020-01-08,3386103.85
1188,LIMA,2020-08-01,4184105.01
1189,CENTRO-ORIENTE,2021-03-08,1065192.38
1190,CENTRO-ORIENTE,2020-09-09,1134240.39
1191,NORTE,2020-06-30,4691152.48
1192,SUR,2021-01-22,1035117.34
1193,LIMA,2020-07-29,3367533.96
1194,LIMA,2020-01-25,4167864.02
1195,LIMA,2020-07-23,3754671.65
1196,NORTE,2019-12-30,4802692.42
1197,SUR,2019-12-07,873439.61
1198,CENTRO-ORIENTE,2021-03-11,1457203.6
1199,SUR,2021-01-25,1970793.42
1200,CENTRO-ORIENTE,2020-09-06,203512.52
1201,NORTE,2020-07-03,2878566.18
1202,LIMA,2021-01-28,6567365.0
1203,NORTE,2021-01-05,3274675.34
1204,NORTE,2020-07-06,2553089.08
1205,CENTRO-ORIENTE,2020-09-03,876528.95
1206,LIMA,2020-07-26,6595.76
1207,SUR,2019-12-04,881685.0
1208,NORTE,2020-01-02,1501690.09
1209,LIMA,2020-09-28,4043490.63
1210,NORTE,2020-03-03,2872747.09
1211,SUR,2019-10-04,747785.16
1212,CENTRO-ORIENTE,2020-03-07,1250345.25
1213,LIMA,2020-03-26,3767370.38
1214,CENTRO-ORIENTE,2019-09-09,1219750.0
1215,CENTRO-ORIENTE,2020-03-13,2562154.75
1216,SUR,2020-04-01,1149579.4
1217,SUR,2021-05-27,1134315.96
1218,SUR,2021-05-24,1270780.55
1219,CENTRO-ORIENTE,2020-09-12,917873.77
1220,NORTE,2020-03-06,2657641.5
1221,NORTE,2020-02-29,4632021.74
1222,CENTRO-ORIENTE,2020-03-10,1389550.49
1223,SUR,2019-10-01,599709.04
1224,LIMA,2020-03-29,33655.7
1225,LIMA,2020-03-23,3366741.11
1226,SUR,2020-04-04,1705638.31
1227,SUR,2019-09-28,1242572.54
1228,NORTE,2020-09-05,3132747.64
1229,CENTRO-ORIENTE,2021-05-05,803322.87
1230,CENTRO-ORIENTE,2020-11-06,1585794.68
1231,NORTE,2020-08-27,3449059.05
1232,NORTE,2021-03-07,5691.11
1233,CENTRO-ORIENTE,2021-05-11,1099372.79
1234,SUR,2020-11-28,705815.31
1235,LIMA,2020-09-22,4074770.61
1236,SUR,2021-06-02,647710.78
1237,LIMA,2021-03-27,4116975.45
1238,CENTRO-ORIENTE,2019-09-15,95015.9
1239,NORTE,2020-09-02,3413156.15
1240,CENTRO-ORIENTE,2021-05-08,934793.15
1241,LIMA,2020-09-25,3781401.29
1242,SUR,2019-10-07,1205297.57
1243,CENTRO-ORIENTE,2020-11-03,726187.51
1244,SUR,2020-05-26,1902503.79
1245,CENTRO-ORIENTE,2020-03-16,1753069.85
1246,NORTE,2020-08-30,56423.83
1247,NORTE,2021-03-04,1963164.22
1248,SUR,2020-11-25,2251264.65
1249,SUR,2020-12-01,445224.46
1250,CENTRO-ORIENTE,2019-09-12,1099473.26
1251,LIMA,2021-03-30,4190628.43
1252,CENTRO-ORIENTE,2021-01-08,1666184.2
1253,SUR,2020-01-14,797972.35
1254,LIMA,2020-05-03,661.02
1255,LIMA,2019-09-14,4052370.86
1256,CENTRO-ORIENTE,2020-01-05,226472.72
1257,NORTE,2020-10-13,2608762.83
1258,SUR,2020-01-17,1071958.56
1259,LIMA,2020-11-08,16803.46
1260,LIMA,2020-11-02,2447266.54
1261,CENTRO-ORIENTE,2020-07-09,825147.33
1262,NORTE,2020-04-10,3148.95
1263,SUR,2020-09-05,821681.08
1264,SUR,2021-03-10,914952.58
1265,NORTE,2021-04-17,2355618.44
1266,LIMA,2021-05-10,2486687.77
1267,CENTRO-ORIENTE,2020-01-02,650794.75
1268,NORTE,2020-10-16,3268461.48
1269,NORTE,2020-10-10,3162660.1
1270,CENTRO-ORIENTE,2020-07-06,788033.08
1271,LIMA,2020-11-05,3022842.02
1272,SUR,2021-03-13,635493.53
1273,NORTE,2021-04-08,2631616.03
1274,LIMA,2019-09-08,42313.47
1275,CENTRO-ORIENTE,2020-01-11,961746.51
1276,LIMA,2021-05-01,41721.14
1277,SUR,2020-09-08,1160121.04
1278,NORTE,2021-04-14,2416638.29
1279,SUR,2020-09-14,2238420.4
1280,LIMA,2020-03-12,5273516.59
1281,CENTRO-ORIENTE,2021-03-01,824108.17
1282,LIMA,2021-05-07,2985623.24
1283,NORTE,2021-04-11,7365.91
1284,SUR,2020-09-11,990154.91
1285,LIMA,2021-05-04,2674393.47
1286,LIMA,2019-09-05,4996535.51
1287,LIMA,2019-09-11,4706879.5
1288,CENTRO-ORIENTE,2021-03-04,1490565.89
1289,SUR,2020-03-09,1368595.84
1290,CENTRO-ORIENTE,2020-01-08,1810105.55
1291,NORTE,2020-02-18,2422624.87
1292,CENTRO-ORIENTE,2020-03-03,1064046.43
1293,LIMA,2021-01-02,658362.14
1294,CENTRO-ORIENTE,2020-09-05,995295.68
1295,NORTE,2019-10-19,2486001.96
1296,LIMA,2019-11-11,4221601.37
1297,CENTRO-ORIENTE,2021-03-07,152801.96
1298,NORTE,2021-06-11,1885741.65
1299,SUR,2020-07-06,1323288.64
1300,NORTE,2020-12-07,3338955.33
1301,SUR,2021-01-08,1421751.83
1302,CENTRO-ORIENTE,2020-09-02,926843.1
1303,LIMA,2020-12-30,4952988.6
1304,NORTE,2020-12-13,33354.08
1305,LIMA,2021-01-05,2568353.35
1306,NORTE,2019-10-22,3774375.02
1307,SUR,2020-07-09,1062025.09
1308,SUR,2021-01-11,1751997.24
1309,LIMA,2019-11-14,4442148.74
1310,NORTE,2021-06-14,2721445.11
1311,NORTE,2020-12-10,2895817.62
1312,CENTRO-ORIENTE,2021-03-10,1483131.58
1313,NORTE,2019-10-13,4049.12
1314,LIMA,2020-05-09,3826857.94
1315,LIMA,2019-11-05,4419354.85
1316,CENTRO-ORIENTE,2020-03-09,780899.91
1317,SUR,2020-01-08,1687161.6
1318,SUR,2021-03-04,844590.65
1319,CENTRO-ORIENTE,2019-09-05,1096800.59
1320,NORTE,2020-04-16,3128511.01
1321,CENTRO-ORIENTE,2021-05-01,1626.06
1322,LIMA,2020-05-06,4316569.66
1323,SUR,2020-01-11,1126675.98
1324,NORTE,2020-04-19,30688.05
1325,CENTRO-ORIENTE,2020-09-08,1051187.63
1326,LIMA,2020-05-12,4134637.11
1327,CENTRO-ORIENTE,2020-03-06,1220306.84
1328,NORTE,2019-10-16,3135624.21
1329,SUR,2020-07-15,1067429.26
1330,NORTE,2021-06-08,2621015.49
1331,LIMA,2019-11-08,4383603.29
1332,CENTRO-ORIENTE,2021-04-28,1296388.02
1333,NORTE,2020-04-13,3961165.96
1334,CENTRO-ORIENTE,2021-05-07,1373319.09
1335,SUR,2020-05-12,1925247.83
1336,NORTE,2019-12-19,3775743.98
1337,SUR,2019-11-08,1031826.33
1338,CENTRO-ORIENTE,2020-11-02,515101.84
1339,NORTE,2021-02-06,2363462.85
1340,LIMA,2020-01-05,151725.42
1341,CENTRO-ORIENTE,2019-09-11,1453228.45
1342,LIMA,2020-01-11,4445347.75
1343,SUR,2020-11-14,761170.5
1344,CENTRO-ORIENTE,2021-05-04,889824.36
1345,LIMA,2020-01-08,5781960.43
1346,SUR,2020-05-09,1148078.88
1347,CENTRO-ORIENTE,2020-10-30,1394039.38
1348,NORTE,2019-12-16,3476965.75
1349,CENTRO-ORIENTE,2020-03-12,1945638.19
1350,CENTRO-ORIENTE,2019-09-08,192777.84
1351,NORTE,2020-06-19,3040205.03
1352,LIMA,2021-03-01,1884115.2
1353,NORTE,2019-12-13,3422794.29
1354,CENTRO-ORIENTE,2019-09-14,599196.34
1355,SUR,2020-11-11,903390.12
1356,NORTE,2020-06-13,3134454.05
1357,LIMA,2020-07-09,4178548.11
1358,NORTE,2020-06-16,2610425.26
1359,LIMA,2021-01-08,4057245.45
1360,NORTE,2020-06-10,2658347.86
1361,SUR,2020-05-15,1680733.65
1362,SUR,2019-11-11,1200121.01
1363,CENTRO-ORIENTE,2020-11-05,1088658.12
1364,CENTRO-ORIENTE,2020-11-08,194955.72
1365,LIMA,2020-07-03,4351531.23
1366,SUR,2019-11-14,818953.79
1367,LIMA,2020-07-06,3674016.54
1368,CENTRO-ORIENTE,2020-05-06,1468058.43
1369,SUR,2021-01-05,1206831.77
1370,NORTE,2020-12-16,2866727.98
1371,LIMA,2020-09-05,4255051.89
1372,NORTE,2020-08-19,3438635.48
1373,CENTRO-ORIENTE,2020-05-09,1065146.29
1374,SUR,2019-09-11,1387588.33
1375,NORTE,2020-08-13,2772722.31
1376,SUR,2021-05-04,750489.93
1377,SUR,2020-03-12,2165104.57
1378,NORTE,2020-02-15,2408046.2
1379,SUR,2020-03-18,1122840.66
1380,LIMA,2020-09-08,3789124.32
1381,LIMA,2020-03-06,3568704.99
1382,CENTRO-ORIENTE,2019-11-05,1145409.84
1383,CENTRO-ORIENTE,2020-05-12,1434987.78
1384,NORTE,2020-02-12,3233281.9
1385,CENTRO-ORIENTE,2020-12-30,1819633.92
1386,SUR,2021-05-07,791763.99
1387,LIMA,2020-03-09,3655052.98
1388,CENTRO-ORIENTE,2019-11-08,1067328.39
1389,LIMA,2020-09-11,3787088.83
1390,SUR,2020-03-15,44287.32
1391,SUR,2019-09-17,1153545.61
1392,LIMA,2021-03-10,2694903.76
1393,NORTE,2021-02-15,2754886.65
1394,CENTRO-ORIENTE,2021-01-02,432573.82
1395,SUR,2021-05-10,782818.48
1396,LIMA,2021-03-04,2455937.43
1397,SUR,2021-05-13,1372670.58
1398,NORTE,2021-02-12,2757175.65
1399,CENTRO-ORIENTE,2019-11-11,978790.2
1400,CENTRO-ORIENTE,2020-07-03,1418196.11
1401,CENTRO-ORIENTE,2021-01-05,1377961.95
1402,NORTE,2019-12-22,106726.51
1403,SUR,2019-09-14,1225301.5
1404,LIMA,2020-09-02,4099639.39
1405,LIMA,2021-03-07,138.47
1406,NORTE,2020-08-10,4230540.58
1407,SUR,2020-11-05,866585.26
1408,NORTE,2021-02-09,3026545.18
1409,LIMA,2020-01-14,4470204.68
1410,NORTE,2019-12-23,4102337.89
1411,CENTRO-ORIENTE,2021-02-23,1307162.96
1412,LIMA,2021-03-08,2387081.97
1413,SUR,2019-11-15,2086974.79
1414,LIMA,2020-01-15,4665419.77
1415,CENTRO-ORIENTE,2019-12-30,1674146.79
1416,CENTRO-ORIENTE,2020-08-21,1635878.38
1417,LIMA,2021-03-11,3372692.58
1418,CENTRO-ORIENTE,2021-02-20,1471263.27
1419,NORTE,2019-12-26,3633825.88
1420,LIMA,2020-09-06,2807.2
1421,NORTE,2021-02-16,2215845.7
1422,SUR,2019-11-18,1036807.27
1423,NORTE,2020-08-14,3027114.45
1424,NORTE,2021-02-13,2741877.17
1425,SUR,2020-05-19,1318753.06
1426,SUR,2021-01-09,987379.38
1427,LIMA,2020-01-18,4676146.05
1428,LIMA,2020-01-09,5121416.11
1429,LIMA,2020-07-13,3571039.1
1430,NORTE,2019-12-17,3581867.79
1431,SUR,2019-11-21,1883619.96
1432,NORTE,2020-06-20,2245728.69
1433,NORTE,2021-02-10,2302359.69
1434,SUR,2021-01-12,1670003.02
1435,SUR,2020-07-10,962520.62
1436,CENTRO-ORIENTE,2020-02-23,150.0
1437,CENTRO-ORIENTE,2020-08-27,2006560.66
1438,NORTE,2019-12-20,3016875.83
1439,CENTRO-ORIENTE,2021-02-26,1447913.28
1440,LIMA,2020-07-16,3555723.19
1441,LIMA,2021-03-05,2718350.17
1442,SUR,2020-07-13,1278578.26
1443,NORTE,2020-06-23,3349945.91
1444,CENTRO-ORIENTE,2020-02-20,1161064.44
1445,SUR,2021-01-15,1346569.11
1446,LIMA,2020-01-12,63661.69
1447,CENTRO-ORIENTE,2020-08-24,1085333.58
1448,LIMA,2020-03-16,5598105.74
1449,SUR,2019-09-21,1002980.85
1450,CENTRO-ORIENTE,2020-02-26,1061661.54
1451,SUR,2021-05-17,1107933.51
1452,NORTE,2021-04-12,2519017.61
1453,LIMA,2019-09-12,4505316.72
1454,CENTRO-ORIENTE,2021-04-19,1116254.39
1455,LIMA,2021-05-05,3053260.32
1456,SUR,2020-11-12,1026726.55
1457,NORTE,2020-02-19,2794126.11
1458,SUR,2020-03-22,1496.73
1459,CENTRO-ORIENTE,2020-02-29,1546481.4
1460,SUR,2019-09-18,971696.63
1461,LIMA,2019-09-09,3306465.84
1462,NORTE,2021-04-15,2309219.88
1463,CENTRO-ORIENTE,2021-04-22,931657.93
1464,SUR,2021-05-14,783881.4
1465,LIMA,2021-05-08,4420355.71
1466,LIMA,2020-03-13,6491430.4
1467,SUR,2020-11-09,1173910.99
1468,CENTRO-ORIENTE,2020-10-18,158667.25
1469,NORTE,2020-02-22,2411076.92
1470,NORTE,2020-08-17,3882762.8
1471,NORTE,2021-02-19,2589649.02
1472,SUR,2019-11-12,1056112.53
1473,LIMA,2020-03-10,4032600.07
1474,NORTE,2020-08-23,2509.92
1475,SUR,2020-05-16,1255527.26
1476,CENTRO-ORIENTE,2020-10-21,1175856.57
1477,SUR,2020-11-18,1200872.08
1478,CENTRO-ORIENTE,2021-04-25,139776.97
1479,LIMA,2020-09-12,4404639.39
1480,CENTRO-ORIENTE,2020-04-21,1600170.4
1481,SUR,2020-05-13,2452919.26
1482,NORTE,2020-08-20,3974153.66
1483,CENTRO-ORIENTE,2020-10-24,1045511.7
1484,CENTRO-ORIENTE,2019-09-02,599380.72
1485,NORTE,2020-02-16,345.94
1486,LIMA,2020-09-09,4173011.97
1487,LIMA,2020-09-15,4212009.91
1488,NORTE,2020-04-20,2521876.68
1489,CENTRO-ORIENTE,2020-10-27,1218266.15
1490,LIMA,2020-05-13,5042362.9
1491,SUR,2020-09-12,730854.59
1492,SUR,2021-03-17,1549970.75
1493,NORTE,2019-10-17,3208875.23
1494,CENTRO-ORIENTE,2020-04-24,1073538.98
1495,LIMA,2019-11-09,4276875.89
1496,CENTRO-ORIENTE,2019-10-24,1188320.05
1497,CENTRO-ORIENTE,2021-06-19,1006102.72
1498,LIMA,2020-11-12,5146175.22
1499,NORTE,2020-04-23,2670804.73
1500,NORTE,2020-04-17,2922795.01
1501,SUR,2020-09-09,1114505.38
1502,CENTRO-ORIENTE,2020-04-27,1258983.59
1503,CENTRO-ORIENTE,2020-04-30,1401893.89
1504,NORTE,2021-06-12,2845793.98
1505,SUR,2020-09-15,915770.51
1506,NORTE,2020-10-20,2950136.36
1507,SUR,2020-03-13,2242491.51
1508,CENTRO-ORIENTE,2021-06-16,1303027.82
1509,LIMA,2020-05-07,4366576.47
1510,CENTRO-ORIENTE,2021-06-22,40112.13
1511,CENTRO-ORIENTE,2020-12-18,1849335.69
1512,NORTE,2021-04-18,1186.03
1513,LIMA,2019-09-18,4601767.73
1514,SUR,2021-05-08,791490.71
1515,SUR,2020-09-18,2279359.94
1516,NORTE,2021-04-21,3149000.52
1517,SUR,2021-05-11,915540.3
1518,LIMA,2021-05-11,2588701.22
1519,NORTE,2020-10-17,2978842.42
1520,NORTE,2020-04-14,2689564.04
1521,LIMA,2020-11-06,3816011.59
1522,CENTRO-ORIENTE,2019-10-30,1437216.2
1523,SUR,2020-03-16,1447866.56
1524,CENTRO-ORIENTE,2020-12-21,1332243.09
1525,LIMA,2019-09-15,32326.57
1526,NORTE,2020-10-14,3075621.2
1527,CENTRO-ORIENTE,2019-10-27,248062.49
1528,SUR,2020-03-19,583806.96
1529,LIMA,2021-05-14,3083258.77
1530,LIMA,2020-11-09,3008805.87
1531,CENTRO-ORIENTE,2019-11-02,337560.53
1532,SUR,2020-01-12,320.95
1533,CENTRO-ORIENTE,2020-06-24,838186.19
1534,SUR,2020-07-16,1329423.17
1535,CENTRO-ORIENTE,2020-12-27,232539.78
1536,LIMA,2021-01-12,4069682.56
1537,LIMA,2020-07-07,3982915.74
1538,NORTE,2020-12-17,3204238.52
1539,SUR,2020-01-15,2027240.23
1540,LIMA,2020-07-10,3482644.48
1541,CENTRO-ORIENTE,2020-12-24,1313478.0
1542,NORTE,2020-06-17,3114465.31
1543,LIMA,2021-01-09,4086573.3
1544,NORTE,2020-12-20,63409.51
1545,CENTRO-ORIENTE,2020-06-30,1723026.68
1546,NORTE,2020-12-14,3349466.55
1547,SUR,2021-03-11,969160.9
1548,NORTE,2021-06-18,2762255.63
1549,LIMA,2021-01-06,3910633.54
1550,CENTRO-ORIENTE,2021-02-17,1139589.14
1551,NORTE,2019-10-23,2779512.15
1552,NORTE,2019-10-26,2642348.99
1553,LIMA,2019-11-15,4290491.59
1554,NORTE,2021-06-15,1837248.05
1555,SUR,2020-01-21,1082278.58
1556,CENTRO-ORIENTE,2019-12-24,732634.52
1557,NORTE,2020-12-11,3224921.04
1558,SUR,2021-03-14,7313.24
1559,CENTRO-ORIENTE,2020-06-27,1047637.64
1560,LIMA,2021-01-03,18441.41
1561,SUR,2021-03-08,756696.23
1562,LIMA,2020-05-16,3802903.16
1563,NORTE,2019-10-20,4405.82
1564,LIMA,2019-11-12,4703704.37
1565,SUR,2020-01-18,936834.13
1566,LIMA,2019-11-18,4064475.47
1567,CENTRO-ORIENTE,2019-12-27,1623354.35
1568,CENTRO-ORIENTE,2021-03-18,920508.92
1569,LIMA,2020-08-11,4746752.42
1570,NORTE,2020-01-15,3184053.37
1571,CENTRO-ORIENTE,2020-07-29,1007293.49
1572,SUR,2020-12-17,1181117.84
1573,LIMA,2020-02-07,3994376.58
1574,NORTE,2021-03-11,2291332.46
1575,SUR,2019-10-23,1132311.82
1576,NORTE,2020-07-19,8052.87
1577,NORTE,2020-07-22,3868317.37
1578,CENTRO-ORIENTE,2020-07-26,253773.6
1579,NORTE,2020-01-18,2739919.7
1580,CENTRO-ORIENTE,2020-01-22,2185646.13
1581,SUR,2020-12-14,1229924.62
1582,LIMA,2020-08-14,4246481.42
1583,LIMA,2020-02-10,3238197.64
1584,CENTRO-ORIENTE,2020-01-25,1025476.74
1585,SUR,2020-06-11,1557696.59
1586,CENTRO-ORIENTE,2020-09-19,1165115.18
1587,CENTRO-ORIENTE,2020-01-28,2015180.64
1588,NORTE,2020-07-13,3021416.96
1589,NORTE,2021-01-15,2209553.21
1590,SUR,2020-06-20,1117345.09
1591,LIMA,2021-02-10,3206950.0
1592,CENTRO-ORIENTE,2021-03-21,288791.1
1593,SUR,2019-12-17,1801127.04
1594,LIMA,2020-08-08,4217633.95
1595,CENTRO-ORIENTE,2020-01-31,1442903.48
1596,CENTRO-ORIENTE,2021-03-24,1910706.65
1597,NORTE,2021-01-18,2718335.41
1598,SUR,2019-12-14,786659.76
1599,SUR,2020-06-17,1298735.83
1600,LIMA,2021-02-13,3018183.24
1601,LIMA,2021-02-07,10870.67
1602,NORTE,2020-07-16,3666916.69
1603,SUR,2020-04-17,1284913.78
1604,LIMA,2020-04-08,3901181.69
1605,CENTRO-ORIENTE,2020-09-28,1253977.19
1606,LIMA,2020-10-11,15637.0
1607,CENTRO-ORIENTE,2020-09-22,1022927.94
1608,NORTE,2020-03-16,7280813.08
1609,LIMA,2020-10-08,3881730.12
1610,NORTE,2020-09-18,3956389.42
1611,CENTRO-ORIENTE,2021-03-27,1471314.11
1612,LIMA,2021-04-12,2267478.69
1613,SUR,2020-04-14,2035228.45
1614,CENTRO-ORIENTE,2020-03-23,755931.07
1615,CENTRO-ORIENTE,2020-09-25,1149495.14
1616,SUR,2020-10-17,794686.32
1617,NORTE,2020-09-15,3229812.87
1618,SUR,2021-06-09,1103060.57
1619,SUR,2019-10-14,829265.45
1620,NORTE,2021-03-20,1901514.7
1621,CENTRO-ORIENTE,2020-03-26,1324685.05
1622,LIMA,2021-04-06,3391711.57
1623,SUR,2021-06-15,1151342.2
1624,NORTE,2020-01-21,3482991.28
1625,SUR,2020-12-11,1137940.72
1626,LIMA,2020-02-13,3078834.47
1627,CENTRO-ORIENTE,2019-09-25,1109936.24
1628,CENTRO-ORIENTE,2020-03-29,168452.2
1629,SUR,2019-10-17,740253.88
1630,NORTE,2021-03-17,1951132.63
1631,SUR,2020-12-08,877468.14
1632,NORTE,2020-09-12,3841203.27
1633,SUR,2020-04-20,2127163.81
1634,SUR,2021-06-12,681009.25
1635,CENTRO-ORIENTE,2021-05-21,1724844.87
1636,LIMA,2020-10-05,3464830.39
1637,NORTE,2020-01-24,3530991.35
1638,CENTRO-ORIENTE,2021-05-18,1274084.01
1639,LIMA,2020-02-16,316851.62
1640,LIMA,2021-04-09,2768861.24
1641,NORTE,2021-03-14,3533.08
1642,CENTRO-ORIENTE,2019-09-22,154604.81
1643,CENTRO-ORIENTE,2020-04-01,1156262.44
1644,CENTRO-ORIENTE,2020-11-19,1093089.2
1645,LIMA,2020-12-08,3499875.44
1646,NORTE,2020-11-15,22811.67
1647,SUR,2020-02-19,865460.78
1648,CENTRO-ORIENTE,2021-05-24,1544543.9
1649,LIMA,2021-06-12,3635300.54
1650,CENTRO-ORIENTE,2019-10-01,562027.19
1651,NORTE,2021-05-17,2490684.48
1652,SUR,2020-08-20,1206844.1
1653,LIMA,2019-10-17,4421180.98
1654,SUR,2021-04-12,998949.81
1655,CENTRO-ORIENTE,2021-05-27,1090722.59
1656,NORTE,2019-09-21,2468128.18
1657,LIMA,2020-12-05,4381196.81
1658,CENTRO-ORIENTE,2020-11-22,113057.23
1659,LIMA,2021-06-09,3920743.25
1660,NORTE,2020-11-12,3840480.7
1661,CENTRO-ORIENTE,2019-09-28,1107042.77
1662,NORTE,2021-05-20,2793278.59
1663,LIMA,2019-10-14,4008081.02
1664,SUR,2021-04-09,1495181.45
1665,NORTE,2019-09-24,3625439.13
1666,NORTE,2019-09-18,3607008.18
1667,LIMA,2020-04-14,4404737.6
1668,SUR,2020-04-11,1418137.17
1669,CENTRO-ORIENTE,2019-11-22,1068275.74
1670,LIMA,2021-06-06,21031.97
1671,SUR,2020-10-14,1082692.98
1672,SUR,2020-10-08,1225576.55
1673,CENTRO-ORIENTE,2020-11-25,1601245.98
1674,NORTE,2021-05-11,1960583.69
1675,LIMA,2019-10-11,4333279.17
1676,CENTRO-ORIENTE,2020-05-23,1138952.86
1677,NORTE,2020-03-25,2307602.85
1678,LIMA,2020-04-11,3120666.49
1679,LIMA,2020-10-14,3116334.65
1680,NORTE,2020-03-19,2252142.1
1681,NORTE,2020-09-21,2666527.14
1682,LIMA,2021-06-03,2818361.06
1683,CENTRO-ORIENTE,2020-05-26,1382339.45
1684,NORTE,2021-05-14,2133999.74
1685,CENTRO-ORIENTE,2020-11-28,1203251.0
1686,SUR,2021-04-15,952392.85
1687,LIMA,2020-04-17,4793593.29
1688,LIMA,2019-12-17,4933478.2
1689,SUR,2019-12-20,903880.53
1690,LIMA,2019-12-11,4626339.32
1691,NORTE,2021-01-12,3213772.64
1692,CENTRO-ORIENTE,2019-11-28,1489677.01
1693,LIMA,2021-02-04,3846921.52
1694,NORTE,2019-11-21,3523507.87
1695,CENTRO-ORIENTE,2020-05-29,820819.36
1696,SUR,2021-02-10,1250350.3
1697,CENTRO-ORIENTE,2021-01-19,1485139.55
1698,CENTRO-ORIENTE,2019-11-25,995697.69
1699,LIMA,2019-12-14,4345630.14
1700,NORTE,2019-11-18,3400076.89
1701,NORTE,2019-11-24,2718.24
1702,LIMA,2020-06-17,4728561.51
1703,SUR,2021-02-13,734032.71
1704,NORTE,2020-05-22,2915229.57
1705,SUR,2020-08-11,1197476.25
1706,CENTRO-ORIENTE,2020-07-23,1420694.51
1707,SUR,2020-08-14,1239029.26
1708,NORTE,2020-11-21,2152201.61
1709,SUR,2021-02-16,571280.87
1710,SUR,2020-02-10,1076011.29
1711,NORTE,2020-05-19,4302477.85
1712,CENTRO-ORIENTE,2021-01-25,1019682.31
1713,NORTE,2019-11-15,2922057.54
1714,LIMA,2020-06-08,4400678.32
1715,LIMA,2020-12-11,3361373.74
1716,CENTRO-ORIENTE,2020-07-20,945610.98
1717,NORTE,2020-05-16,3073077.39
1718,SUR,2020-02-13,938899.81
1719,NORTE,2020-11-18,3224997.15
1720,LIMA,2020-06-11,4752072.14
1721,LIMA,2019-12-08,74809.41
1722,SUR,2020-08-17,1156915.9
1723,LIMA,2020-12-14,4702614.48
1724,CENTRO-ORIENTE,2021-01-22,1685782.34
1725,LIMA,2020-03-18,2769552.55
1726,NORTE,2020-03-01,470.35
1727,SUR,2020-07-24,1485833.39
1728,LIMA,2020-03-24,4060852.62
1729,CENTRO-ORIENTE,2021-01-11,955323.03
1730,NORTE,2020-02-27,2948560.46
1731,LIMA,2021-05-13,2485495.82
1732,SUR,2020-07-21,1498320.31
1733,LIMA,2020-03-21,2643915.06
1734,SUR,2021-01-23,831194.86
1735,CENTRO-ORIENTE,2019-11-23,1317277.09
1736,LIMA,2019-09-17,4238586.47
1737,NORTE,2021-04-20,2623569.26
1738,CENTRO-ORIENTE,2019-11-20,1526661.05
1739,CENTRO-ORIENTE,2021-01-14,1457798.55
1740,SUR,2020-01-20,1520634.99
1741,NORTE,2020-02-24,2511457.97
1742,NORTE,2021-02-27,10057305.49
1743,SUR,2021-03-19,937507.01
1744,CENTRO-ORIENTE,2021-01-17,107092.29
1745,LIMA,2020-09-14,3961135.09
1746,SUR,2020-01-23,880712.92
1747,NORTE,2020-08-25,3236790.5
1748,SUR,2020-07-27,1090668.23
1749,LIMA,2021-03-19,3034874.35
1750,LIMA,2020-09-20,55434.95
1751,SUR,2020-01-29,1015998.12
1752,CENTRO-ORIENTE,2020-07-15,945151.16
1753,NORTE,2020-02-21,2664179.38
1754,CENTRO-ORIENTE,2020-01-14,1590791.01
1755,LIMA,2020-03-15,101874.86
1756,NORTE,2020-08-22,3336355.34
1757,SUR,2021-03-16,836429.7
1758,NORTE,2020-08-28,3265501.64
1759,CENTRO-ORIENTE,2020-07-12,225444.51
1760,LIMA,2021-03-22,4077804.26
1761,CENTRO-ORIENTE,2020-07-18,640522.08
1762,LIMA,2020-09-17,4025859.94
1763,CENTRO-ORIENTE,2021-01-20,1596289.72
1764,SUR,2019-11-23,653317.51
1765,LIMA,2020-11-17,3920884.88
1766,NORTE,2020-04-22,2235301.56
1767,CENTRO-ORIENTE,2020-07-21,1125398.17
1768,SUR,2020-05-27,1647870.34
1769,NORTE,2020-04-28,2693309.27
1770,CENTRO-ORIENTE,2020-01-17,1243959.9
1771,LIMA,2020-05-15,4063527.5
1772,SUR,2021-01-14,1581265.33
1773,LIMA,2020-05-21,4564276.04
1774,NORTE,2020-10-25,2645.77
1775,CENTRO-ORIENTE,2021-03-13,950773.6
1776,NORTE,2020-10-28,3262537.78
1777,NORTE,2021-06-17,3016635.63
1778,NORTE,2020-04-25,2217675.86
1779,LIMA,2020-11-20,3273484.43
1780,SUR,2019-11-20,2290537.74
1781,CENTRO-ORIENTE,2020-01-20,778923.4
1782,LIMA,2020-05-18,3943499.07
1783,LIMA,2021-05-22,2986539.44
1784,CENTRO-ORIENTE,2021-03-16,1259188.98
1785,LIMA,2020-11-11,4302201.19
1786,SUR,2019-11-29,1171951.15
1787,CENTRO-ORIENTE,2020-09-11,1066433.08
1788,SUR,2021-01-20,1358026.8
1789,CENTRO-ORIENTE,2020-01-23,1053180.13
1790,LIMA,2019-09-20,4701332.48
1791,SUR,2020-07-18,795519.12
1792,NORTE,2019-09-03,2890809.83
1793,NORTE,2021-04-23,2096909.72
1794,LIMA,2019-09-23,4371573.96
1795,NORTE,2020-10-19,2684869.58
1796,LIMA,2021-05-19,2183109.54
1797,CENTRO-ORIENTE,2021-03-19,1371990.85
1798,LIMA,2020-11-14,5641064.26
1799,SUR,2019-11-26,695022.52
1800,CENTRO-ORIENTE,2020-09-14,930631.21
1801,LIMA,2019-09-26,3917280.09
1802,NORTE,2021-04-26,2372459.77
1803,LIMA,2021-05-16,31228.89
1804,NORTE,2020-10-22,3381969.86
1805,NORTE,2019-11-03,1324.53
1806,SUR,2021-05-19,782926.21
1807,SUR,2020-03-27,1232651.8
1808,LIMA,2020-07-15,4295943.24
1809,LIMA,2021-01-17,13771.12
1810,CENTRO-ORIENTE,2020-09-17,875663.88
1811,SUR,2019-09-23,1265125.79
1812,NORTE,2020-06-22,3045757.5
1813,CENTRO-ORIENTE,2020-03-15,412462.99
1814,SUR,2019-09-29,1535.6
1815,SUR,2021-05-22,534062.57
1816,LIMA,2021-01-14,4972606.42
1817,LIMA,2021-01-20,4162751.24
1818,SUR,2019-09-26,1067966.32
1819,CENTRO-ORIENTE,2020-09-20,33757.54
1820,CENTRO-ORIENTE,2020-03-18,1464968.79
1821,NORTE,2020-12-28,4681441.82
1822,NORTE,2020-12-22,5170428.18
1823,LIMA,2019-11-26,3875800.45
1824,SUR,2020-11-17,1170990.91
1825,CENTRO-ORIENTE,2019-09-20,982372.96
1826,SUR,2021-05-25,969425.49
1827,NORTE,2021-06-20,2838.61
1828,CENTRO-ORIENTE,2020-03-24,936816.7
1829,LIMA,2020-05-24,35634.75
1830,CENTRO-ORIENTE,2020-11-11,1339767.76
1831,NORTE,2019-10-28,4281294.56
1832,CENTRO-ORIENTE,2021-05-13,1547398.66
1833,SUR,2020-05-18,1672344.68
1834,CENTRO-ORIENTE,2020-03-21,624822.58
1835,LIMA,2019-11-17,725580.88
1836,NORTE,2020-12-19,3747473.18
1837,SUR,2020-11-20,919680.52
1838,CENTRO-ORIENTE,2019-09-17,1249772.47
1839,LIMA,2019-11-23,3815739.65
1840,NORTE,2019-10-31,7236449.29
1841,LIMA,2021-01-11,3790355.97
1842,CENTRO-ORIENTE,2021-05-16,209229.41
1843,NORTE,2019-10-25,2692994.25
1844,NORTE,2020-05-01,381113.86
1845,SUR,2020-05-21,862984.18
1846,CENTRO-ORIENTE,2021-05-10,1398742.47
1847,SUR,2020-11-23,1060828.75
1848,LIMA,2019-11-20,4843624.87
1849,CENTRO-ORIENTE,2020-05-15,1945450.85
1850,CENTRO-ORIENTE,2020-11-17,885745.28
1851,LIMA,2021-03-16,3178674.11
1852,NORTE,2021-02-21,15610.92
1853,SUR,2021-03-25,1366198.67
1854,LIMA,2020-01-23,4176374.52
1855,CENTRO-ORIENTE,2019-09-23,649622.35
1856,LIMA,2021-03-13,3328231.27
1857,NORTE,2021-02-18,2743174.05
1858,CENTRO-ORIENTE,2020-11-14,995151.12
1859,CENTRO-ORIENTE,2021-05-19,1344190.77
1860,SUR,2021-03-22,1317431.93
1861,NORTE,2021-02-24,3606798.34
1862,SUR,2020-09-17,1200719.08
1863,LIMA,2020-01-20,4612399.23
1864,NORTE,2019-12-31,2674696.41
1865,NORTE,2020-06-28,730.94
1866,SUR,2020-03-21,1449769.43
1867,CENTRO-ORIENTE,2019-11-17,143886.68
1868,LIMA,2020-01-17,5175035.08
1869,NORTE,2019-12-28,4449347.1
1870,LIMA,2020-07-21,3781489.24
1871,SUR,2020-09-26,1138566.07
1872,CENTRO-ORIENTE,2020-05-21,1542930.46
1873,SUR,2020-03-24,896675.64
1874,LIMA,2020-07-18,3832700.83
1875,NORTE,2020-07-01,1863200.17
1876,CENTRO-ORIENTE,2020-11-20,1381208.92
1877,NORTE,2020-06-25,2729244.01
1878,SUR,2019-09-20,1412141.42
1879,CENTRO-ORIENTE,2019-11-14,1351093.72
1880,SUR,2020-09-23,1094402.09
1881,LIMA,2020-07-24,3509720.61
1882,CENTRO-ORIENTE,2020-05-18,1345277.94
1883,LIMA,2020-09-26,4353122.48
1884,SUR,2021-01-26,1336202.53
1885,CENTRO-ORIENTE,2020-09-07,954758.71
1886,SUR,2020-06-08,1170971.51
1887,NORTE,2021-03-05,2323612.78
1888,NORTE,2020-08-31,6119852.96
1889,CENTRO-ORIENTE,2021-03-15,873250.16
1890,SUR,2019-12-05,726850.65
1891,LIMA,2021-03-31,9883970.64
1892,LIMA,2021-04-03,805191.14
1893,LIMA,2020-09-23,3778574.28
1894,CENTRO-ORIENTE,2020-09-10,1171032.95
1895,SUR,2021-01-29,5475080.38
1896,NORTE,2021-03-08,2494187.53
1897,NORTE,2020-09-03,3363815.0
1898,LIMA,2021-03-28,38640.27
1899,CENTRO-ORIENTE,2021-03-12,1231074.89
1900,LIMA,2020-02-01,2657248.2
1901,SUR,2021-02-01,787172.77
1902,CENTRO-ORIENTE,2020-03-11,1824415.44
1903,LIMA,2021-03-25,3871345.42
1904,SUR,2021-02-04,1051877.2
1905,LIMA,2020-08-02,53515.17
1906,NORTE,2020-01-09,3698808.1
1907,SUR,2019-12-11,2409290.73
1908,CENTRO-ORIENTE,2021-05-06,1393273.6
1909,LIMA,2020-01-29,3438879.47
1910,NORTE,2020-01-12,5954.69
1911,CENTRO-ORIENTE,2020-09-16,948794.12
1912,NORTE,2021-03-02,2113688.76
1913,LIMA,2020-02-04,3329803.32
1914,CENTRO-ORIENTE,2020-03-14,1625927.6
1915,SUR,2020-07-30,1172152.1
1916,LIMA,2020-08-05,3874954.15
1917,NORTE,2020-01-06,4288604.45
1918,NORTE,2021-05-05,2070007.18
1919,SUR,2019-10-08,766578.09
1920,NORTE,2020-03-13,5441588.47
1921,NORTE,2019-09-09,3483526.8
1922,LIMA,2020-04-02,5449563.79
1923,CENTRO-ORIENTE,2020-03-17,1453196.79
1924,CENTRO-ORIENTE,2019-09-13,869746.01
1925,CENTRO-ORIENTE,2021-05-09,247313.17
1926,LIMA,2019-09-29,40094.78
1927,NORTE,2020-10-31,6001339.28
1928,LIMA,2021-05-25,3120623.48
1929,LIMA,2019-10-05,4293851.99
1930,CENTRO-ORIENTE,2019-09-19,1364804.85
1931,SUR,2019-10-11,1251599.51
1932,SUR,2020-12-02,662262.6
1933,NORTE,2020-03-10,2909777.58
1934,SUR,2020-05-30,1161547.66
1935,CENTRO-ORIENTE,2020-11-07,756251.89
1936,NORTE,2019-09-06,2999561.28
1937,LIMA,2020-11-23,3237910.85
1938,NORTE,2019-09-12,3364170.49
1939,CENTRO-ORIENTE,2020-03-20,524484.82
1940,CENTRO-ORIENTE,2021-05-12,941703.88
1941,LIMA,2021-05-28,4472364.99
1942,LIMA,2019-10-02,3479021.14
1943,CENTRO-ORIENTE,2019-09-16,865722.22
1944,SUR,2021-06-03,868927.3
1945,NORTE,2020-09-09,2905963.68
1946,SUR,2020-06-02,2134786.42
1947,NORTE,2020-03-07,2660887.63
1948,CENTRO-ORIENTE,2020-05-11,1300091.62
1949,CENTRO-ORIENTE,2020-11-13,1221947.58
1950,LIMA,2020-10-02,3303990.51
1951,SUR,2020-12-05,785110.54
1952,LIMA,2020-03-30,3453981.38
1953,CENTRO-ORIENTE,2021-05-15,1440256.8
1954,NORTE,2021-04-29,2695209.3
1955,NORTE,2020-09-06,1984.51
1956,LIMA,2020-09-29,4931513.18
1957,CENTRO-ORIENTE,2020-11-16,1008430.68
1958,SUR,2020-06-05,1588413.11
1959,NORTE,2020-03-04,2922468.52
1960,CENTRO-ORIENTE,2020-11-10,908418.78
1961,LIMA,2020-03-27,3898082.62
1962,SUR,2019-12-02,538950.46
1963,NORTE,2020-05-13,3889430.89
1964,LIMA,2020-05-30,4518693.57
1965,NORTE,2020-05-07,2994803.28
1966,LIMA,2019-11-29,4568528.37
1967,CENTRO-ORIENTE,2019-11-13,1415669.83
1968,SUR,2020-10-02,670754.32
1969,CENTRO-ORIENTE,2020-05-17,8223.76
1970,NORTE,2019-11-06,3248355.61
1971,LIMA,2020-06-02,3927070.51
1972,CENTRO-ORIENTE,2020-05-14,1329710.26
1973,SUR,2021-04-06,748649.91
1974,SUR,2020-03-30,1324377.56
1975,NORTE,2020-05-10,36615.5
1976,SUR,2020-04-02,1033147.16
1977,SUR,2020-10-05,994309.93
1978,LIMA,2020-06-05,4164979.38
1979,CENTRO-ORIENTE,2019-11-10,136540.11
1980,CENTRO-ORIENTE,2020-05-20,1640151.41
1981,CENTRO-ORIENTE,2021-01-10,334097.21
1982,LIMA,2020-12-02,2731811.3
1983,SUR,2019-10-02,856001.21
1984,LIMA,2020-11-26,3208564.87
1985,CENTRO-ORIENTE,2019-11-19,1225777.02
1986,NORTE,2020-11-06,2444510.43
1987,SUR,2020-11-26,1060159.38
1988,LIMA,2021-05-31,6901194.26
1989,SUR,2021-05-31,1752962.51
1990,NORTE,2019-09-15,2004.83
1991,SUR,2019-10-05,901981.84
1992,CENTRO-ORIENTE,2021-01-07,1357611.3
1993,LIMA,2020-05-27,4856390.94
1994,LIMA,2020-11-29,402662.36
1995,NORTE,2020-05-04,2766975.22
1996,SUR,2020-04-08,1536624.82
1997,NORTE,2020-11-09,2946408.27
1998,CENTRO-ORIENTE,2019-11-16,1078363.59
1999,NORTE,2020-11-03,2366661.95
2000,SUR,2021-05-28,1041157.09
2001,LIMA,2019-10-08,3183466.24
2002,NORTE,2021-05-08,2654678.72
2003,NORTE,2021-01-06,3563730.81
2004,SUR,2020-02-04,1259544.3
2005,NORTE,2020-07-04,2580404.92
2006,CENTRO-ORIENTE,2020-07-11,1102507.59
2007,LIMA,2021-01-29,6799858.23
2008,NORTE,2020-07-07,2853211.23
2009,CENTRO-ORIENTE,2020-07-17,1072717.25
2010,CENTRO-ORIENTE,2021-01-13,1622221.2
2011,SUR,2020-08-08,772913.11
2012,NORTE,2020-01-03,1652548.86
2013,LIMA,2020-07-27,3282120.92
2014,CENTRO-ORIENTE,2020-01-10,1594465.06
2015,NORTE,2021-01-09,3902126.03
2016,LIMA,2020-07-30,4154786.79
2017,CENTRO-ORIENTE,2021-01-16,1225539.57
2018,CENTRO-ORIENTE,2020-07-14,763185.38
2019,NORTE,2020-07-10,2242778.34
2020,LIMA,2021-02-01,3564494.53
2021,LIMA,2020-01-26,154287.75
2022,SUR,2020-08-05,1334109.28
2023,SUR,2020-02-01,338000.88
2024,LIMA,2021-01-23,3924992.15
2025,SUR,2020-09-29,1250560.36
2026,SUR,2021-04-03,480206.84
2027,NORTE,2020-12-31,4568784.75
2028,CENTRO-ORIENTE,2020-01-19,156702.51
2029,CENTRO-ORIENTE,2020-01-13,920176.65
2030,LIMA,2019-12-05,4107724.54
2031,SUR,2021-03-31,2556339.64
2032,NORTE,2019-11-09,2841353.64
2033,CENTRO-ORIENTE,2021-03-09,937506.06
2034,CENTRO-ORIENTE,2020-01-16,1322914.02
2035,LIMA,2021-01-26,3460601.57
2036,SUR,2020-02-07,1106637.27
2037,LIMA,2019-12-02,3211323.09
2038,NORTE,2019-11-12,3294559.93
2039,SUR,2020-03-23,1070412.43
2040,NORTE,2021-06-22,144791.6
2041,NORTE,2021-06-16,2367305.71
2042,CENTRO-ORIENTE,2020-12-25,184414.05
2043,NORTE,2019-10-24,4339639.29
2044,LIMA,2021-01-10,213568.43
2045,LIMA,2019-11-19,4236373.06
2046,SUR,2020-09-22,1304065.91
2047,SUR,2020-03-20,1048520.83
2048,NORTE,2020-12-15,4172731.64
2049,SUR,2019-09-16,1485266.29
2050,NORTE,2021-06-19,3103361.9
2051,NORTE,2020-04-27,3344593.37
2052,SUR,2021-05-12,866811.95
2053,LIMA,2020-05-20,4065533.68
2054,NORTE,2019-10-27,4195.62
2055,CENTRO-ORIENTE,2020-12-22,1560723.48
2056,CENTRO-ORIENTE,2020-05-04,1079081.73
2057,LIMA,2021-01-07,4284643.48
2058,SUR,2020-03-17,1095224.89
2059,LIMA,2019-11-16,4301096.36
2060,CENTRO-ORIENTE,2019-10-31,2334133.32
2061,NORTE,2020-12-18,3717497.08
2062,NORTE,2020-04-18,3042326.9
2063,SUR,2021-05-21,1783050.62
2064,NORTE,2020-04-24,1810497.73
2065,CENTRO-ORIENTE,2020-06-28,3710.2
2066,CENTRO-ORIENTE,2020-12-31,1515495.18
2067,LIMA,2020-05-11,4070207.57
2068,SUR,2019-09-19,700769.86
2069,LIMA,2020-05-17,197067.88
2070,SUR,2019-09-25,1057299.64
2071,NORTE,2019-10-21,2945529.3
2072,SUR,2021-05-15,577126.75
2073,LIMA,2019-11-13,4194340.7
2074,SUR,2020-03-26,1569052.25
2075,CENTRO-ORIENTE,2020-06-25,1231527.04
2076,NORTE,2020-04-21,2827178.51
2077,LIMA,2020-11-16,5208263.7
2078,SUR,2021-05-18,1041878.79
2079,LIMA,2020-05-14,4631398.49
2080,CENTRO-ORIENTE,2020-12-28,1106170.67
2081,SUR,2020-11-13,921695.07
2082,CENTRO-ORIENTE,2019-11-06,1462967.06
2083,NORTE,2020-10-24,4609274.61
2084,LIMA,2020-07-17,3407363.78
2085,SUR,2021-03-15,972301.54
2086,NORTE,2019-12-21,2576780.48
2087,NORTE,2020-06-24,3198733.94
2088,CENTRO-ORIENTE,2019-12-28,1747337.0
2089,SUR,2020-01-25,2402508.77
2090,LIMA,2020-01-13,4638332.78
2091,NORTE,2019-12-24,1900867.33
2092,CENTRO-ORIENTE,2020-07-01,955624.54
2093,SUR,2021-03-12,911524.63
2094,LIMA,2020-07-20,3739440.18
2095,NORTE,2020-06-27,2864587.77
2096,SUR,2020-01-22,1481412.68
2097,LIMA,2020-01-16,5331143.88
2098,CENTRO-ORIENTE,2020-07-04,628715.96
2099,CENTRO-ORIENTE,2019-12-31,1983793.2
2100,LIMA,2019-11-22,3841829.94
2101,CENTRO-ORIENTE,2021-02-21,133810.53
2102,CENTRO-ORIENTE,2021-02-27,1311342.23
2103,LIMA,2020-07-11,4037878.28
2104,NORTE,2019-10-30,3504804.56
2105,LIMA,2021-01-13,5658751.58
2106,SUR,2021-03-21,35943.78
2107,NORTE,2020-06-18,3196123.12
2108,CENTRO-ORIENTE,2020-01-03,858225.67
2109,NORTE,2020-12-21,3800399.34
2110,SUR,2020-09-16,1019755.02
2111,CENTRO-ORIENTE,2020-08-25,1264163.72
2112,LIMA,2020-07-14,4430484.76
2113,CENTRO-ORIENTE,2021-02-24,1557841.9
2114,NORTE,2020-06-21,869.96
2115,SUR,2021-03-18,723220.03
2116,LIMA,2021-01-16,4752851.06
2117,SUR,2020-09-19,780596.49
2118,NORTE,2020-12-24,826245.38
2119,NORTE,2020-08-21,2892997.11
2120,SUR,2019-11-25,766909.25
2121,SUR,2020-07-14,1152854.91
2122,NORTE,2021-02-23,3328780.79
2123,SUR,2021-01-16,886961.77
2124,LIMA,2020-03-14,6949682.18
2125,CENTRO-ORIENTE,2020-08-31,1445936.47
2126,NORTE,2020-02-17,3383140.2
2127,LIMA,2020-09-16,4346111.27
2128,CENTRO-ORIENTE,2020-02-27,1636322.78
2129,SUR,2021-01-19,1266576.89
2130,CENTRO-ORIENTE,2020-08-28,823767.12
2131,SUR,2021-01-13,1389371.01
2132,CENTRO-ORIENTE,2021-03-02,981525.57
2133,NORTE,2020-08-24,2715017.62
2134,CENTRO-ORIENTE,2020-02-24,835613.25
2135,LIMA,2021-03-18,3535498.33
2136,LIMA,2020-09-13,190368.65
2137,NORTE,2020-02-20,2927548.67
2138,SUR,2020-07-20,2220704.68
2139,LIMA,2021-03-12,3839818.38
2140,SUR,2020-01-16,1029523.28
2141,NORTE,2021-02-17,2278414.7
2142,LIMA,2020-01-19,33531.2
2143,CENTRO-ORIENTE,2021-04-23,1012608.88
2144,NORTE,2021-02-14,43671.8
2145,LIMA,2020-09-10,3921763.3
2146,CENTRO-ORIENTE,2020-03-04,735751.56
2147,NORTE,2020-08-18,3834344.05
2148,SUR,2020-07-23,1297781.0
2149,LIMA,2021-03-15,3548493.22
2150,SUR,2020-07-17,938321.37
2151,LIMA,2021-03-09,2684430.04
2152,NORTE,2021-02-20,2153736.57
2153,LIMA,2020-01-22,3561943.47
2154,NORTE,2019-12-27,3518255.81
2155,CENTRO-ORIENTE,2021-04-26,1254308.49
2156,LIMA,2020-11-13,4770268.88
2157,CENTRO-ORIENTE,2020-10-25,152625.64
2158,NORTE,2020-10-15,2373946.6
2159,SUR,2020-05-20,1298851.19
2160,CENTRO-ORIENTE,2019-09-03,988279.18
2161,NORTE,2021-04-25,5949.51
2162,NORTE,2020-10-21,3040501.26
2163,LIMA,2021-05-15,2580336.61
2164,CENTRO-ORIENTE,2021-04-29,1352554.83
2165,SUR,2020-11-16,1389030.84
2166,LIMA,2020-11-10,3318552.81
2167,CENTRO-ORIENTE,2020-10-28,1038267.43
2168,LIMA,2019-09-19,4908768.05
2169,NORTE,2021-04-22,3723381.57
2170,LIMA,2019-09-22,42430.44
2171,CENTRO-ORIENTE,2019-09-06,1371827.61
2172,CENTRO-ORIENTE,2020-10-22,1016806.33
2173,NORTE,2020-10-18,506.02
2174,SUR,2020-11-19,1335862.79
2175,LIMA,2021-05-18,2373913.63
2176,CENTRO-ORIENTE,2021-06-20,111511.45
2177,LIMA,2020-03-20,3189942.01
2178,NORTE,2021-04-16,2432932.04
2179,CENTRO-ORIENTE,2020-10-31,1551484.05
2180,SUR,2019-11-19,1009640.59
2181,LIMA,2019-09-16,4298759.18
2182,CENTRO-ORIENTE,2020-04-28,1291102.65
2183,LIMA,2021-05-09,17209.71
2184,CENTRO-ORIENTE,2020-05-01,418746.67
2185,CENTRO-ORIENTE,2019-10-28,949390.79
2186,NORTE,2020-02-23,34646.92
2187,LIMA,2019-09-13,5435669.22
2188,LIMA,2020-03-17,3833260.89
2189,SUR,2019-11-22,1315313.68
2190,NORTE,2021-04-19,2414565.41
2191,SUR,2019-11-16,983150.85
2192,CENTRO-ORIENTE,2020-04-25,1272589.67
2193,SUR,2020-05-23,810224.37
2194,LIMA,2021-05-12,2422894.24
2195,LIMA,2020-09-19,4569528.03
2196,NORTE,2020-02-26,3390646.81
2197,NORTE,2020-06-09,3813637.59
2198,LIMA,2021-01-04,1891707.37
2199,SUR,2019-09-13,1238552.67
2200,LIMA,2020-07-02,4750499.57
2201,CENTRO-ORIENTE,2020-03-05,1068717.98
2202,LIMA,2020-07-05,163467.27
2203,SUR,2020-11-04,981210.85
2204,LIMA,2020-01-01,153542.46
2205,CENTRO-ORIENTE,2021-04-27,1037927.15
2206,CENTRO-ORIENTE,2020-03-02,594147.42
2207,NORTE,2020-06-12,3823783.5
2208,NORTE,2019-12-09,3526986.08
2209,CENTRO-ORIENTE,2020-03-08,2175.0
2210,SUR,2020-11-01,163790.77
2211,SUR,2020-11-07,720336.84
2212,NORTE,2020-12-12,3431533.65
2213,CENTRO-ORIENTE,2021-05-03,590106.4
2214,SUR,2020-05-08,1071468.16
2215,NORTE,2019-10-15,3279522.54
2216,LIMA,2020-12-29,5851270.73
2217,CENTRO-ORIENTE,2020-10-29,1170391.75
2218,SUR,2019-11-04,783345.77
2219,LIMA,2019-11-07,5117780.07
2220,CENTRO-ORIENTE,2019-09-07,863495.18
2221,NORTE,2020-12-03,2942881.17
2222,NORTE,2021-06-13,15474.93
2223,SUR,2020-11-10,1117980.58
2224,NORTE,2020-12-09,2845412.08
2225,NORTE,2020-06-06,3475390.47
2226,CENTRO-ORIENTE,2020-10-26,1241808.28
2227,SUR,2020-05-11,2000764.79
2228,LIMA,2020-06-29,2950273.86
2229,NORTE,2019-10-18,2818417.45
2230,SUR,2019-11-07,911127.55
2231,LIMA,2019-11-10,33430.99
2232,NORTE,2021-06-10,2131109.82
2233,CENTRO-ORIENTE,2019-09-10,1011421.8
2234,CENTRO-ORIENTE,2019-09-04,1376894.96
2235,NORTE,2020-12-06,5503.35
2236,SUR,2020-05-05,996450.05
2237,CENTRO-ORIENTE,2021-04-30,2366035.78
2238,LIMA,2020-09-01,3185084.42
2239,SUR,2020-09-10,1132286.18
2240,CENTRO-ORIENTE,2020-11-04,1094642.06
2241,NORTE,2020-08-09,696.5
2242,SUR,2020-09-04,1060818.23
2243,LIMA,2021-03-06,2454825.92
2244,NORTE,2020-08-06,2756935.18
2245,SUR,2020-03-08,4779.96
2246,CENTRO-ORIENTE,2020-05-05,1233300.99
2247,NORTE,2021-02-08,3502836.96
2248,LIMA,2020-01-10,4497289.58
2249,CENTRO-ORIENTE,2020-11-01,295.36
2250,NORTE,2019-12-18,3995044.48
2251,LIMA,2020-08-29,3869834.31
2252,LIMA,2021-03-03,2475827.94
2253,CENTRO-ORIENTE,2020-04-29,1515671.28
2254,SUR,2020-09-07,1205721.34
2255,CENTRO-ORIENTE,2020-05-02,1060698.41
2256,NORTE,2021-02-11,3038692.96
2257,SUR,2020-03-05,1308437.78
2258,SUR,2021-04-30,5078902.52
2259,LIMA,2020-01-07,5192432.22
2260,SUR,2021-05-06,908480.91
2261,NORTE,2019-12-15,109932.11
2262,NORTE,2019-12-12,3769997.78
2263,LIMA,2021-02-28,1627743.21
2264,SUR,2019-09-10,1637705.16
2265,CENTRO-ORIENTE,2019-11-01,459777.4
2266,SUR,2020-03-14,1733465.2
2267,NORTE,2021-02-02,3109749.04
2268,CENTRO-ORIENTE,2019-11-07,924682.57
2269,CENTRO-ORIENTE,2020-05-08,962439.78
2270,LIMA,2020-07-08,3679215.44
2271,SUR,2021-05-03,431276.82
2272,CENTRO-ORIENTE,2020-12-26,895227.71
2273,SUR,2020-03-11,1171488.7
2274,NORTE,2020-06-15,3617210.16
2275,LIMA,2021-02-25,4063326.17
2276,LIMA,2020-01-04,3929748.28
2277,SUR,2019-09-07,858016.06
2278,NORTE,2021-02-05,2895346.57
2279,CENTRO-ORIENTE,2019-11-04,675872.36
2280,LIMA,2021-04-27,2883628.58
2281,NORTE,2021-04-10,3041521.44
2282,CENTRO-ORIENTE,2021-01-04,829375.47
2283,NORTE,2020-10-06,3336841.3
2284,SUR,2020-01-10,1021194.8
2285,LIMA,2021-05-03,2424034.83
2286,SUR,2020-01-04,1029091.21
2287,CENTRO-ORIENTE,2020-12-29,1613869.12
2288,LIMA,2020-03-08,185207.87
2289,LIMA,2019-09-04,5351417.13
2290,LIMA,2020-10-29,5859472.0
2291,CENTRO-ORIENTE,2020-06-29,1081722.2
2292,LIMA,2021-04-30,7795196.81
2293,LIMA,2019-09-07,4943595.84
2294,NORTE,2021-04-07,2572563.59
2295,SUR,2020-01-07,1515001.82
2296,SUR,2020-07-11,806815.83
2297,LIMA,2020-03-11,4366499.65
2298,NORTE,2020-02-14,3197372.1
2299,NORTE,2020-08-15,2519351.57
2300,CENTRO-ORIENTE,2020-07-02,963021.94
2301,NORTE,2020-02-11,2796571.98
2302,SUR,2021-03-09,945271.59
2303,CENTRO-ORIENTE,2020-01-01,1637.5
2304,SUR,2021-03-06,737488.39
2305,LIMA,2020-03-02,3226721.35
2306,LIMA,2020-09-04,3716868.51
2307,SUR,2020-01-13,950248.52
2308,NORTE,2020-02-08,2937958.33
2309,NORTE,2020-08-12,2971501.88
2310,SUR,2020-09-01,644385.63
2311,LIMA,2019-09-01,40430.45
2312,CENTRO-ORIENTE,2020-01-04,873750.01
2313,SUR,2021-03-03,760420.99
2314,CENTRO-ORIENTE,2019-12-29,108897.65
2315,LIMA,2020-09-07,3577182.21
2316,LIMA,2020-03-05,3891196.76
2317,CENTRO-ORIENTE,2020-07-08,899859.07
2318,CENTRO-ORIENTE,2021-02-25,1442624.96
2319,LIMA,2020-05-05,3849536.5
2320,SUR,2020-05-14,2059284.59
2321,NORTE,2019-10-09,4107695.99
2322,SUR,2019-11-10,6061.42
2323,LIMA,2019-11-01,979522.41
2324,NORTE,2021-06-07,2154954.51
2325,CENTRO-ORIENTE,2020-01-07,1418504.9
2326,CENTRO-ORIENTE,2021-03-03,1502146.09
2327,NORTE,2020-04-12,18594.98
2328,SUR,2021-01-04,1110929.77
2329,NORTE,2019-10-12,3001423.74
2330,LIMA,2020-05-08,3818071.59
2331,NORTE,2021-06-04,1759160.23
2332,LIMA,2019-11-04,4037504.4
2333,SUR,2019-11-13,1247645.02
2334,LIMA,2020-11-07,4017780.46
2335,CENTRO-ORIENTE,2021-02-28,92585.24
2336,NORTE,2020-04-15,3871510.03
2337,CENTRO-ORIENTE,2020-02-28,1371613.36
2338,LIMA,2019-09-10,4886183.75
2339,SUR,2020-07-08,1589040.79
2340,CENTRO-ORIENTE,2020-08-29,1236018.2
2341,CENTRO-ORIENTE,2020-09-04,1257295.01
2342,LIMA,2020-11-04,2939830.04
2343,NORTE,2020-04-06,2884505.96
2344,LIMA,2020-05-02,4080835.79
2345,NORTE,2020-10-09,2520603.1
2346,NORTE,2021-04-13,2106881.31
2347,CENTRO-ORIENTE,2021-03-06,1598042.66
2348,LIMA,2020-11-01,33584.31
2349,NORTE,2020-10-12,3369425.0
2350,SUR,2020-07-05,27907.08
2351,LIMA,2021-05-06,2976391.75
2352,SUR,2021-01-07,1356265.72
2353,CENTRO-ORIENTE,2020-09-01,645628.33
2354,NORTE,2020-07-25,2206296.66
2355,CENTRO-ORIENTE,2020-10-23,1120400.22
2356,LIMA,2021-02-19,3814577.78
2357,SUR,2019-10-29,1326738.02
2358,NORTE,2019-12-06,2798502.32
2359,LIMA,2020-08-17,3315544.42
2360,SUR,2021-06-21,1287835.89
2361,LIMA,2019-12-26,4147358.25
2362,CENTRO-ORIENTE,2020-10-17,1223085.0
2363,NORTE,2021-01-27,3793357.35
2364,SUR,2020-05-02,728899.44
2365,SUR,2021-06-18,1110582.83
2366,LIMA,2021-02-16,3478743.91
2367,CENTRO-ORIENTE,2020-04-17,1888953.85
2368,NORTE,2019-12-03,2742441.38
2369,LIMA,2019-12-29,933245.22
2370,SUR,2020-04-29,1360542.65
2371,CENTRO-ORIENTE,2021-04-24,1025126.08
2372,CENTRO-ORIENTE,2020-10-20,1036534.64
2373,NORTE,2021-01-24,12452.51
2374,SUR,2019-10-26,1258640.07
2375,NORTE,2019-11-30,6399504.98
2376,CENTRO-ORIENTE,2020-04-20,1737819.43
2377,LIMA,2020-06-26,4149042.46
2378,LIMA,2019-12-23,3602677.1
2379,CENTRO-ORIENTE,2020-04-26,4530.5
2380,NORTE,2021-01-21,2412562.79
2381,SUR,2020-12-23,1156159.53
2382,CENTRO-ORIENTE,2021-06-15,1178280.94
2383,LIMA,2020-06-23,4367048.37
2384,SUR,2019-11-01,308502.35
2385,NORTE,2019-11-27,3581426.88
2386,CENTRO-ORIENTE,2019-10-20,120689.46
2387,CENTRO-ORIENTE,2020-04-23,1824257.3
2388,LIMA,2019-12-20,4399758.8
2389,SUR,2020-12-20,2849.44
2390,CENTRO-ORIENTE,2019-10-23,923697.74
2391,SUR,2020-12-26,976510.61
2392,NORTE,2020-06-03,3669462.72
2393,LIMA,2020-12-26,3946538.63
2394,SUR,2020-03-02,629662.75
2395,NORTE,2020-02-05,2687815.4
2396,LIMA,2020-02-22,3840618.64
2397,CENTRO-ORIENTE,2020-12-14,1429839.9
2398,LIMA,2020-08-26,3922588.43
2399,CENTRO-ORIENTE,2020-12-20,341008.5
2400,NORTE,2020-01-30,3060226.56
2401,SUR,2020-10-20,915030.64
2402,LIMA,2021-04-18,37896.8
2403,CENTRO-ORIENTE,2019-10-26,811165.17
2404,SUR,2021-04-24,960731.38
2405,NORTE,2021-03-23,2576391.0
2406,CENTRO-ORIENTE,2021-06-21,931536.9
2407,LIMA,2020-02-25,3619666.99
2408,SUR,2021-04-27,1005914.25
2409,CENTRO-ORIENTE,2020-12-17,1645824.78
2410,NORTE,2020-02-02,175.68
2411,SUR,2020-10-23,1184981.98
2412,LIMA,2021-04-15,2268930.37
2413,NORTE,2020-08-03,3407475.68
2414,SUR,2021-04-21,775269.01
2415,CENTRO-ORIENTE,2019-10-29,1233451.49
2416,NORTE,2021-03-26,2532550.66
2417,CENTRO-ORIENTE,2021-06-18,1300356.19
2418,SUR,2020-10-26,910231.28
2419,NORTE,2020-01-27,3626436.42
2420,SUR,2019-09-04,991571.0
2421,CENTRO-ORIENTE,2020-06-17,966462.26
2422,CENTRO-ORIENTE,2020-12-23,1846411.44
2423,NORTE,2020-07-31,4992154.61
2424,LIMA,2021-02-22,3123325.82
2425,LIMA,2020-02-19,3157446.1
2426,NORTE,2020-07-28,903922.95
2427,CENTRO-ORIENTE,2020-06-23,1031064.56
2428,SUR,2020-10-29,1118670.96
2429,LIMA,2020-08-20,3883286.02
2430,CENTRO-ORIENTE,2020-06-20,892195.82
2431,SUR,2020-04-23,1643364.32
2432,NORTE,2021-01-30,7280756.33
2433,CENTRO-ORIENTE,2019-12-23,1059736.2
2434,LIMA,2020-10-23,5648750.27
2435,NORTE,2020-03-28,2297036.51
2436,CENTRO-ORIENTE,2020-06-26,871156.32
2437,NORTE,2020-09-30,4909477.35
2438,CENTRO-ORIENTE,2021-02-13,767222.49
2439,SUR,2020-08-26,1455213.7
2440,SUR,2021-02-28,34607.36
2441,CENTRO-ORIENTE,2019-12-20,684802.72
2442,CENTRO-ORIENTE,2019-12-26,1351183.85
2443,NORTE,2019-09-27,3239322.94
2444,LIMA,2020-04-20,3560461.93
2445,NORTE,2020-10-03,2205366.58
2446,LIMA,2021-06-15,2867708.68
2447,NORTE,2020-03-31,5216311.45
2448,NORTE,2021-05-23,3516.12
2449,LIMA,2019-10-20,1262820.4
2450,LIMA,2020-10-26,3372018.61
2451,SUR,2021-02-25,2441361.01
2452,LIMA,2020-04-23,4935858.03
2453,CENTRO-ORIENTE,2020-08-17,1291450.89
2454,LIMA,2020-10-17,3978592.65
2455,LIMA,2021-04-21,3082599.21
2456,SUR,2020-08-29,972475.5
2457,SUR,2020-02-25,1814218.36
2458,NORTE,2020-09-24,2216679.63
2459,CENTRO-ORIENTE,2021-02-19,1301180.1
2460,NORTE,2021-03-29,3824771.67
2461,CENTRO-ORIENTE,2021-02-22,1037208.4
2462,LIMA,2020-10-20,3644781.77
2463,SUR,2020-02-28,1422457.24
2464,NORTE,2020-09-27,3099.15
2465,CENTRO-ORIENTE,2021-02-16,881477.49
2466,SUR,2020-02-22,574770.93
2467,LIMA,2021-04-24,3693531.09
2468,NORTE,2021-04-01,819866.46
2469,LIMA,2020-02-28,3659051.77
2470,SUR,2020-06-29,1281104.08
2471,LIMA,2020-06-20,4124432.93
2472,SUR,2019-12-26,867097.94
2473,NORTE,2021-06-01,1233534.22
2474,NORTE,2020-05-25,3644021.3
2475,CENTRO-ORIENTE,2020-02-19,1153863.52
2476,NORTE,2020-11-27,2990448.17
2477,SUR,2020-12-29,1502333.44
2478,LIMA,2020-12-23,3858547.67
2479,SUR,2020-06-26,1647840.6
2480,SUR,2019-12-23,863320.54
2481,LIMA,2019-10-29,4494498.8
2482,NORTE,2019-10-06,11761.16
2483,CENTRO-ORIENTE,2020-02-22,1112344.8
2484,NORTE,2020-11-30,9675340.68
2485,CENTRO-ORIENTE,2020-02-16,143052.5
2486,CENTRO-ORIENTE,2020-08-20,1832544.26
2487,SUR,2020-06-23,777416.0
2488,LIMA,2020-12-20,144336.49
2489,CENTRO-ORIENTE,2020-08-26,1050850.54
2490,NORTE,2020-05-28,3024655.28
2491,NORTE,2021-05-26,2502021.22
2492,LIMA,2019-10-26,4122197.44
2493,LIMA,2021-06-18,3132433.7
2494,LIMA,2020-12-17,4333319.46
2495,NORTE,2019-10-03,3410228.04
2496,CENTRO-ORIENTE,2021-04-21,1240354.5
2497,LIMA,2020-04-26,901099.56
2498,CENTRO-ORIENTE,2020-02-25,1079695.08
2499,SUR,2020-07-02,923979.42
2500,SUR,2021-02-22,871674.35
2501,NORTE,2021-05-29,1913485.87
2502,SUR,2021-02-19,1009517.24
2503,CENTRO-ORIENTE,2021-04-15,1296657.96
2504,LIMA,2021-06-21,1949752.58
2505,NORTE,2020-11-24,2958783.6
2506,LIMA,2019-10-23,4350763.97
2507,SUR,2019-12-29,122527.08
2508,NORTE,2019-09-30,6510170.03
2509,LIMA,2020-04-29,4511361.41
2510,CENTRO-ORIENTE,2021-04-18,216130.41
2511,NORTE,2020-04-03,1623249.89
