,Region,Fecha,Toneladas
0,CENTRO-ORIENTE,2021-01-08,2005734.445063
1,SUR,2020-01-14,1462770.508589
2,LIMA,2020-05-03,768.01061
3,LIMA,2019-09-14,3599016.542814
4,NORTE,2020-10-13,2800392.804404
5,CENTRO-ORIENTE,2020-01-05,91233.626243
6,SUR,2020-01-17,1814415.294311
7,LIMA,2020-11-08,89387.473011
8,LIMA,2020-11-02,3764019.031251
9,CENTRO-ORIENTE,2020-07-09,1442494.270683
10,NORTE,2020-04-10,12928.069223
11,SUR,2020-09-05,1493380.359403
12,SUR,2021-03-10,2017148.546379
13,NORTE,2021-04-17,2422508.799241
14,LIMA,2021-05-10,5165162.084966
15,CENTRO-ORIENTE,2020-01-02,1398688.927359
16,NORTE,2020-10-16,2475395.80419
17,NORTE,2020-10-10,2602379.157769
18,CENTRO-ORIENTE,2020-07-06,1966195.269278
19,LIMA,2020-11-05,5006750.223177
20,SUR,2021-03-13,1265237.08802
21,NORTE,2021-04-08,2774641.936403
22,CENTRO-ORIENTE,2020-01-11,1377451.272149
23,LIMA,2019-09-08,167138.436879
24,LIMA,2021-05-01,196687.011787
25,SUR,2020-09-08,2091207.713429
26,NORTE,2021-04-14,2071781.329344
27,SUR,2020-09-14,2034118.342686
28,LIMA,2020-03-12,4475357.793193
29,CENTRO-ORIENTE,2021-03-01,1846863.202926
30,LIMA,2021-05-07,4624808.758067
31,NORTE,2021-04-11,608904.253742
32,SUR,2020-09-11,2197482.664134
33,LIMA,2021-05-04,5373017.140044
34,LIMA,2019-09-05,3950995.572863
35,LIMA,2019-09-11,4051229.33956
36,CENTRO-ORIENTE,2021-03-04,2660315.608812
37,SUR,2020-03-09,1649154.604827
38,CENTRO-ORIENTE,2020-01-08,3180939.620282
39,NORTE,2020-02-18,1991606.986704
40,CENTRO-ORIENTE,2020-03-03,2213298.161081
41,LIMA,2021-01-02,3227668.48842
42,CENTRO-ORIENTE,2020-09-05,2269120.563336
43,NORTE,2019-10-19,1554470.993968
44,LIMA,2019-11-11,4095395.872545
45,CENTRO-ORIENTE,2021-03-07,269580.546072
46,NORTE,2021-06-11,1735952.377798
47,SUR,2020-07-06,1770404.361627
48,NORTE,2020-12-07,2792215.791884
49,SUR,2021-01-08,2191061.650787
50,CENTRO-ORIENTE,2020-09-02,1389259.871622
51,LIMA,2020-12-30,5929167.969587
52,NORTE,2020-12-13,7040.976902
53,LIMA,2021-01-05,4868576.688008
54,NORTE,2019-10-22,2397550.794085
55,SUR,2020-07-09,1733751.841897
56,SUR,2021-01-11,2223736.753309
57,LIMA,2019-11-14,4362131.80446
58,NORTE,2021-06-14,2744466.363783
59,NORTE,2020-12-10,2208706.504995
60,CENTRO-ORIENTE,2021-03-10,3079294.677892
61,NORTE,2019-10-13,81824.386033
62,LIMA,2020-05-09,4237440.801065
63,LIMA,2019-11-05,4027942.530665
64,CENTRO-ORIENTE,2020-03-09,1701167.343171
65,SUR,2020-01-08,1801624.458778
66,SUR,2021-03-04,2146818.292868
67,CENTRO-ORIENTE,2019-09-05,1101463.542185
68,NORTE,2020-04-16,2740618.530504
69,CENTRO-ORIENTE,2021-05-01,0.041169
70,LIMA,2020-05-06,5618287.500117
71,SUR,2020-01-11,1461283.70772
72,NORTE,2020-04-19,29040.537143
73,CENTRO-ORIENTE,2020-09-08,2142965.118133
74,LIMA,2020-05-12,4901509.133861
75,CENTRO-ORIENTE,2020-03-06,1561938.027367
76,NORTE,2019-10-16,1972757.743711
77,SUR,2020-07-15,2196121.137403
78,NORTE,2021-06-08,1838863.660915
79,LIMA,2019-11-08,6307597.934047
80,CENTRO-ORIENTE,2021-04-28,1882268.868209
81,NORTE,2020-04-13,1842887.376173
82,CENTRO-ORIENTE,2021-05-07,1565750.625702
83,SUR,2020-05-12,1845726.635903
84,NORTE,2019-12-19,1922231.151431
85,SUR,2019-11-08,1720682.825791
86,CENTRO-ORIENTE,2020-11-02,1296857.070998
87,NORTE,2021-02-06,2836916.409709
88,LIMA,2020-01-05,769.731328
89,CENTRO-ORIENTE,2019-09-11,1776471.751269
90,LIMA,2020-01-11,5631200.575588
91,SUR,2020-11-14,1605207.798622
92,CENTRO-ORIENTE,2021-05-04,1534975.212761
93,LIMA,2020-01-08,5852683.134445
94,SUR,2020-05-09,1583326.900939
95,CENTRO-ORIENTE,2020-10-30,2744303.017496
96,NORTE,2019-12-16,2308049.166888
97,CENTRO-ORIENTE,2020-03-12,3348135.65303
98,NORTE,2020-06-19,2956981.519338
99,CENTRO-ORIENTE,2019-09-08,69965.31428
100,NORTE,2019-12-13,2192311.053366
101,LIMA,2021-03-01,3783547.153305
102,CENTRO-ORIENTE,2019-09-14,1056409.098483
103,SUR,2020-11-11,1634840.061857
104,NORTE,2020-06-13,2338551.608004
105,LIMA,2020-07-09,4596711.239463
106,NORTE,2020-06-16,1599481.416438
107,LIMA,2021-01-08,5366037.611281
108,NORTE,2020-06-10,2304683.157366
109,SUR,2020-05-15,2076313.043177
110,SUR,2019-11-11,1336964.123983
111,CENTRO-ORIENTE,2020-11-05,1607720.90059
112,LIMA,2020-07-03,3738459.987787
113,CENTRO-ORIENTE,2020-11-08,106224.982713
114,SUR,2019-11-14,1335234.155545
115,LIMA,2020-07-06,4555901.113699
116,CENTRO-ORIENTE,2020-05-06,2250337.5871
117,NORTE,2020-12-16,2025079.93024
118,SUR,2021-01-05,2097146.858847
119,LIMA,2020-09-05,4382771.483289
120,NORTE,2020-08-19,3217975.137971
121,SUR,2019-09-11,1621775.779876
122,CENTRO-ORIENTE,2020-05-09,3338060.774872
123,SUR,2021-05-04,1665400.827095
124,NORTE,2020-08-13,2745271.120536
125,SUR,2020-03-12,2228158.17298
126,NORTE,2020-02-15,2172149.163314
127,SUR,2020-03-18,1083871.849271
128,LIMA,2020-09-08,3688461.881084
129,LIMA,2020-03-06,4193449.709237
130,CENTRO-ORIENTE,2019-11-05,1564702.245045
131,CENTRO-ORIENTE,2020-05-12,2819841.620274
132,NORTE,2020-02-12,1893613.503991
133,CENTRO-ORIENTE,2020-12-30,2047540.757804
134,SUR,2021-05-07,1782671.539442
135,NORTE,2020-11-25,2613609.208215
136,CENTRO-ORIENTE,2019-11-26,1470920.31924
137,LIMA,2020-06-12,4532897.620409
138,CENTRO-ORIENTE,2020-11-29,954874.771913
139,NORTE,2020-05-23,1851315.569296
140,CENTRO-ORIENTE,2020-05-27,2435746.246889
141,LIMA,2020-12-15,5164513.743296
142,SUR,2020-10-12,1405531.294725
143,SUR,2021-04-16,1983490.549107
144,SUR,2020-10-15,1752788.756063
145,NORTE,2020-11-22,208296.209512
146,LIMA,2020-12-18,5583214.777821
147,SUR,2021-04-19,1992043.727441
148,CENTRO-ORIENTE,2020-05-30,2660672.002644
149,NORTE,2020-05-20,2332194.610484
150,LIMA,2020-06-15,3838519.205676
151,CENTRO-ORIENTE,2020-12-02,1664062.398276
152,NORTE,2020-11-19,2733976.937383
153,SUR,2020-04-15,3127110.181443
154,NORTE,2021-05-24,2660287.791703
155,SUR,2020-04-21,2126915.677174
156,CENTRO-ORIENTE,2019-12-02,674851.920864
157,LIMA,2021-06-16,5037880.251657
158,LIMA,2019-10-21,5644602.102367
159,NORTE,2021-05-21,2971313.957558
160,NORTE,2019-09-25,2065060.127529
161,CENTRO-ORIENTE,2021-01-23,2975180.330507
162,SUR,2021-06-10,1880294.028583
163,CENTRO-ORIENTE,2019-11-29,1012191.526187
164,LIMA,2020-12-09,5018245.6406
165,SUR,2020-04-18,1707866.747513
166,CENTRO-ORIENTE,2020-06-02,3049998.700359
167,NORTE,2020-11-16,3810784.665915
168,SUR,2020-10-21,2194559.810808
169,LIMA,2021-06-13,108674.050353
170,LIMA,2019-10-18,5118939.655485
171,LIMA,2020-12-12,5392083.654796
172,NORTE,2019-09-28,2773316.682538
173,LIMA,2020-04-21,5455520.914754
174,CENTRO-ORIENTE,2021-01-29,1768765.890699
175,NORTE,2019-11-28,2467601.314325
176,LIMA,2020-08-09,135693.707882
177,CENTRO-ORIENTE,2020-07-27,2703822.047225
178,LIMA,2019-12-21,5726622.698158
179,SUR,2020-02-14,1614629.104367
180,NORTE,2021-01-19,2570613.210443
181,SUR,2020-08-18,2152018.696407
182,SUR,2021-02-20,1283629.79827
183,LIMA,2021-02-08,6262120.935365
184,NORTE,2020-07-17,1531644.002403
185,CENTRO-ORIENTE,2020-07-24,1597398.158273
186,LIMA,2021-02-14,90441.98129
187,LIMA,2020-08-12,7463622.581255
188,CENTRO-ORIENTE,2019-12-05,770073.817285
189,SUR,2020-08-21,3508247.602319
190,NORTE,2021-01-22,3001014.289854
191,CENTRO-ORIENTE,2021-01-26,2459443.465076
192,SUR,2020-08-15,900826.222589
193,NORTE,2020-07-20,2010006.33797
194,LIMA,2021-02-11,5559730.139037
195,LIMA,2019-12-15,445585.051925
196,CENTRO-ORIENTE,2020-08-02,78368.273098
197,NORTE,2019-11-19,2673931.020551
198,LIMA,2020-06-18,4479305.452184
199,NORTE,2019-11-25,2549906.902771
200,CENTRO-ORIENTE,2020-07-30,2032529.826902
201,LIMA,2019-12-12,4720653.962364
202,LIMA,2019-12-18,4445604.674665
203,SUR,2020-02-20,1530741.945563
204,NORTE,2020-05-26,1861886.027256
205,SUR,2020-02-17,1406797.255229
206,CENTRO-ORIENTE,2020-01-29,2470939.067081
207,NORTE,2021-01-16,3259172.379792
208,NORTE,2019-11-22,2270378.333492
209,SUR,2021-04-13,1706463.899528
210,NORTE,2021-03-18,2603332.886877
211,CENTRO-ORIENTE,2021-03-22,1819295.961079
212,SUR,2019-12-18,1559263.984477
213,NORTE,2020-01-25,1830230.561785
214,NORTE,2020-01-28,2369688.831423
215,LIMA,2020-02-17,4200794.412181
216,CENTRO-ORIENTE,2020-02-01,1324444.62326
217,CENTRO-ORIENTE,2021-03-25,2338295.794301
218,LIMA,2021-04-10,6286719.581077
219,NORTE,2021-03-15,2609112.598066
220,NORTE,2021-03-21,406640.345712
221,SUR,2020-06-24,2558847.672089
222,SUR,2020-06-18,1992908.217862
223,LIMA,2021-04-07,5382029.401239
224,SUR,2019-12-21,1209833.082515
225,CENTRO-ORIENTE,2021-03-28,233656.675686
226,LIMA,2021-04-13,4224477.75784
227,LIMA,2020-02-20,3844683.649086
228,CENTRO-ORIENTE,2020-02-04,2360313.088921
229,NORTE,2020-07-23,2043307.108032
230,NORTE,2020-01-19,7328.626467
231,SUR,2019-12-24,1105016.598177
232,CENTRO-ORIENTE,2020-09-26,1436820.494203
233,LIMA,2020-08-15,4179936.420409
234,LIMA,2020-02-11,3652563.745039
235,CENTRO-ORIENTE,2021-03-31,2934656.008999
236,CENTRO-ORIENTE,2020-03-27,1051642.710725
237,SUR,2021-02-17,2098204.037721
238,CENTRO-ORIENTE,2020-09-29,2173232.460144
239,NORTE,2020-07-26,1.605119
240,NORTE,2020-01-22,1759724.213938
241,CENTRO-ORIENTE,2020-09-23,1811982.232542
242,LIMA,2020-08-18,4741121.937983
243,LIMA,2020-02-14,5042051.669171
244,SUR,2021-02-11,1962247.947419
245,SUR,2021-06-19,1245418.085341
246,NORTE,2020-03-26,795379.525089
247,CENTRO-ORIENTE,2020-10-02,1110720.632362
248,CENTRO-ORIENTE,2021-05-22,2297268.507798
249,LIMA,2021-06-10,4700618.768921
250,SUR,2019-10-21,1830538.119929
251,NORTE,2021-05-15,3082071.981051
252,LIMA,2019-10-15,3715181.638531
253,SUR,2020-04-24,3180053.08619
254,CENTRO-ORIENTE,2019-09-29,68410.771995
255,CENTRO-ORIENTE,2020-04-02,1948980.633216
256,LIMA,2020-04-18,6539158.649529
257,SUR,2021-06-16,2160616.184345
258,LIMA,2020-04-15,6038288.414465
259,LIMA,2020-10-18,96218.419083
260,NORTE,2020-03-23,960189.098261
261,LIMA,2021-06-07,4863488.58691
262,CENTRO-ORIENTE,2021-05-25,1610271.375338
263,SUR,2020-12-12,1457920.63881
264,NORTE,2020-09-25,2124611.588897
265,NORTE,2021-05-18,2678486.610412
266,CENTRO-ORIENTE,2019-09-26,1143834.159619
267,CENTRO-ORIENTE,2020-03-30,2184729.796253
268,SUR,2019-10-24,1282939.982621
269,SUR,2019-10-18,1726427.792914
270,SUR,2020-03-23,899171.061816
271,NORTE,2021-06-22,218365.75679
272,NORTE,2021-06-16,2937089.575995
273,NORTE,2019-10-24,1642623.032492
274,CENTRO-ORIENTE,2020-12-25,85845.661364
275,LIMA,2021-01-10,164802.81478
276,SUR,2020-09-22,1999657.761944
277,LIMA,2019-11-19,4295800.31818
278,SUR,2020-03-20,1530720.336157
279,NORTE,2020-12-15,2286451.638678
280,SUR,2019-09-16,1639478.826665
281,NORTE,2021-06-19,1648588.775357
282,NORTE,2020-04-27,2597767.209801
283,SUR,2021-05-12,1440976.794605
284,LIMA,2020-05-20,5394406.83769
285,CENTRO-ORIENTE,2020-12-22,1785318.795312
286,NORTE,2019-10-27,17101.028736
287,CENTRO-ORIENTE,2020-05-04,2437939.115377
288,LIMA,2021-01-07,9020459.94883
289,SUR,2020-03-17,1367989.939767
290,LIMA,2019-11-16,4167971.67661
291,NORTE,2020-12-18,2924576.038394
292,CENTRO-ORIENTE,2019-10-31,2418013.857986
293,NORTE,2020-04-18,1705775.996711
294,SUR,2021-05-21,2329756.879669
295,NORTE,2020-04-24,1608495.009236
296,CENTRO-ORIENTE,2020-06-28,5760.074086
297,CENTRO-ORIENTE,2020-12-31,2136886.09835
298,LIMA,2020-05-11,5558692.558803
299,SUR,2019-09-19,1287450.894958
300,LIMA,2020-05-17,57330.729245
301,NORTE,2019-10-21,1815419.061399
302,SUR,2019-09-25,1964420.860117
303,SUR,2021-05-15,1360607.96899
304,LIMA,2019-11-13,3898494.536753
305,SUR,2020-03-26,1362654.110293
306,CENTRO-ORIENTE,2020-06-25,2115893.778999
307,NORTE,2020-04-21,1596379.020637
308,LIMA,2020-11-16,5426665.275468
309,SUR,2021-05-18,2313524.74581
310,LIMA,2020-05-14,6447324.466023
311,CENTRO-ORIENTE,2020-12-28,1895624.992404
312,SUR,2020-11-13,1487177.601777
313,CENTRO-ORIENTE,2019-11-06,1474249.654327
314,NORTE,2020-10-24,3294766.646861
315,LIMA,2020-07-17,3975213.467311
316,SUR,2021-03-15,1821297.16274
317,NORTE,2019-12-21,1542357.133991
318,NORTE,2020-06-24,2718379.549331
319,CENTRO-ORIENTE,2019-12-28,1588252.939388
320,SUR,2020-01-25,1607015.56431
321,LIMA,2020-01-13,5146380.317627
322,NORTE,2019-12-24,688770.596788
323,SUR,2021-03-12,2489998.383729
324,CENTRO-ORIENTE,2020-07-01,1799294.223329
325,LIMA,2020-07-20,5662619.89535
326,NORTE,2020-06-27,1930165.917367
327,SUR,2020-01-22,2080389.274217
328,LIMA,2020-01-16,6162928.297108
329,CENTRO-ORIENTE,2020-07-04,1904413.199117
330,CENTRO-ORIENTE,2019-12-31,2082249.227158
331,LIMA,2019-11-22,3728517.019125
332,CENTRO-ORIENTE,2021-02-21,149752.236648
333,CENTRO-ORIENTE,2021-02-27,3617591.041575
334,LIMA,2020-07-11,4067234.564443
335,NORTE,2019-10-30,1956280.689813
336,LIMA,2021-01-13,6422300.410081
337,SUR,2021-03-21,30568.0
338,NORTE,2020-06-18,2850564.089195
339,CENTRO-ORIENTE,2020-01-03,1472170.272055
340,NORTE,2020-12-21,2441788.288231
341,SUR,2020-09-16,2141373.336702
342,CENTRO-ORIENTE,2020-08-25,1923674.356799
343,LIMA,2020-07-14,3892101.204208
344,CENTRO-ORIENTE,2021-02-24,2412064.598451
345,NORTE,2020-06-21,0.066128
346,SUR,2021-03-18,1807843.637378
347,LIMA,2021-01-16,6621173.003512
348,SUR,2020-09-19,1457145.273006
349,NORTE,2020-12-24,876284.496445
350,NORTE,2020-08-21,2473869.681993
351,SUR,2019-11-25,1570845.72321
352,SUR,2020-07-14,1843685.212264
353,NORTE,2021-02-23,3121630.778388
354,LIMA,2020-03-14,3153923.474431
355,SUR,2021-01-16,1578495.07637
356,CENTRO-ORIENTE,2020-08-31,2463838.498727
357,NORTE,2020-02-17,2760744.989809
358,LIMA,2020-09-16,4319612.488993
359,CENTRO-ORIENTE,2020-02-27,2450496.224908
360,SUR,2021-01-19,2240711.683256
361,CENTRO-ORIENTE,2020-08-28,2601068.675274
362,SUR,2021-01-13,1865710.37317
363,CENTRO-ORIENTE,2021-03-02,3152380.57299
364,NORTE,2020-08-24,2886313.957612
365,CENTRO-ORIENTE,2020-02-24,1470402.843975
366,LIMA,2021-03-18,5798015.67601
367,LIMA,2020-09-13,334720.946922
368,NORTE,2020-02-20,1974006.42175
369,SUR,2020-07-20,2439346.73225
370,LIMA,2021-03-12,5585947.729641
371,SUR,2020-01-16,1469534.236086
372,NORTE,2021-02-17,2862476.001
373,CENTRO-ORIENTE,2021-04-23,1634050.212799
374,LIMA,2020-01-19,111700.641922
375,NORTE,2021-02-14,19064.564664
376,LIMA,2020-09-10,4580764.774394
377,CENTRO-ORIENTE,2020-03-04,2943043.51853
378,NORTE,2020-08-18,2481018.129958
379,SUR,2020-07-23,1889718.357242
380,LIMA,2021-03-15,5570658.277307
381,SUR,2020-07-17,1504596.545522
382,LIMA,2021-03-09,5310058.978218
383,NORTE,2021-02-20,3468287.624347
384,LIMA,2020-01-22,6058205.578392
385,NORTE,2019-12-27,1745063.599837
386,CENTRO-ORIENTE,2021-04-26,1856991.172355
387,LIMA,2020-11-13,5926568.35882
388,CENTRO-ORIENTE,2020-10-25,126251.39422
389,NORTE,2020-10-15,2225969.452883
390,SUR,2020-05-20,2172536.415738
391,CENTRO-ORIENTE,2019-09-03,1099745.940889
392,NORTE,2021-04-25,290348.32777
393,NORTE,2020-10-21,2441298.150445
394,LIMA,2021-05-15,4960520.354737
395,CENTRO-ORIENTE,2021-04-29,1706361.812693
396,SUR,2020-11-16,2031712.273174
397,LIMA,2020-11-10,5086345.558311
398,CENTRO-ORIENTE,2020-10-28,1914926.626875
399,LIMA,2019-09-19,3800583.083259
400,NORTE,2021-04-22,2432339.110742
401,LIMA,2019-09-22,157917.501574
402,CENTRO-ORIENTE,2019-09-06,1323448.175284
403,CENTRO-ORIENTE,2020-10-22,1625883.711928
404,NORTE,2020-10-18,0.047851
405,SUR,2020-11-19,1796144.755682
406,LIMA,2020-04-10,0.009663
407,CENTRO-ORIENTE,2021-01-31,110220.908792
408,NORTE,2019-09-14,2689455.405625
409,NORTE,2020-03-18,1543212.620952
410,LIMA,2021-06-02,4929002.989825
411,CENTRO-ORIENTE,2019-12-10,777550.664481
412,NORTE,2021-05-07,2185049.392544
413,NORTE,2021-05-13,2306931.597726
414,LIMA,2019-10-07,3632802.844056
415,SUR,2020-08-10,2047341.917145
416,LIMA,2020-04-13,4401138.876943
417,SUR,2020-08-13,1797207.775029
418,NORTE,2019-09-17,2312668.118214
419,CENTRO-ORIENTE,2021-02-03,3073063.711516
420,LIMA,2020-04-07,4523662.195143
421,NORTE,2020-03-21,1931393.037063
422,CENTRO-ORIENTE,2020-08-01,1966904.524479
423,LIMA,2021-05-30,140871.492718
424,CENTRO-ORIENTE,2019-12-13,966289.616745
425,NORTE,2021-05-10,2796824.944822
426,LIMA,2019-10-10,3957086.244677
427,SUR,2021-04-05,1647510.102183
428,NORTE,2020-09-11,1873576.452166
429,SUR,2020-02-12,1567814.147852
430,LIMA,2020-10-04,94696.533087
431,CENTRO-ORIENTE,2020-08-07,2233926.597195
432,LIMA,2020-04-04,3893386.613504
433,CENTRO-ORIENTE,2021-02-06,3861027.765917
434,CENTRO-ORIENTE,2020-02-03,1552819.227208
435,NORTE,2020-09-14,2131248.667615
436,SUR,2021-04-08,2700486.156513
437,NORTE,2020-03-12,2544550.847605
438,LIMA,2020-10-10,4335099.953463
439,CENTRO-ORIENTE,2020-08-04,2658831.886664
440,NORTE,2020-03-15,0.080943
441,LIMA,2020-10-07,5947900.311519
442,SUR,2020-02-15,1191297.193923
443,NORTE,2020-09-17,2471889.774284
444,CENTRO-ORIENTE,2020-02-09,5652.135726
445,SUR,2019-12-16,1330506.545523
446,NORTE,2020-05-15,3006589.623646
447,LIMA,2020-12-10,5487514.955247
448,SUR,2021-02-03,2242800.075114
449,CENTRO-ORIENTE,2021-04-02,346415.046225
450,NORTE,2020-11-17,2384651.642654
451,SUR,2020-06-16,1940675.796418
452,SUR,2019-12-13,1443055.6551
453,NORTE,2019-11-11,3464394.41932
454,LIMA,2020-06-04,5059608.228519
455,LIMA,2020-06-10,4537937.884029
456,NORTE,2020-05-12,2907880.054703
457,CENTRO-ORIENTE,2020-02-06,2358415.176336
458,NORTE,2020-05-18,3023040.123325
459,CENTRO-ORIENTE,2020-08-10,1786650.68199
460,SUR,2020-06-13,1615548.884775
461,CENTRO-ORIENTE,2021-03-30,1837414.527544
462,SUR,2019-12-10,1699393.705544
463,LIMA,2020-06-07,1800.13062
464,CENTRO-ORIENTE,2020-02-12,3624084.461351
465,LIMA,2020-12-04,5936649.079625
466,NORTE,2019-09-20,1660329.219893
467,CENTRO-ORIENTE,2020-10-04,88846.334589
468,LIMA,2021-06-08,5028488.118029
469,NORTE,2020-11-11,3062332.157205
470,CENTRO-ORIENTE,2021-04-08,1800150.74834
471,SUR,2021-02-06,1191883.455867
472,NORTE,2020-11-08,111172.314898
473,SUR,2021-02-12,1878872.490826
474,LIMA,2019-10-13,158496.644232
475,SUR,2019-12-19,1313015.95453
476,LIMA,2020-12-07,5347588.903044
477,CENTRO-ORIENTE,2020-10-01,1265045.546269
478,LIMA,2020-12-01,3677955.407094
479,NORTE,2020-11-14,3545228.068101
480,CENTRO-ORIENTE,2021-04-05,2113107.715047
481,LIMA,2021-06-05,6380019.447455
482,SUR,2021-02-09,1825438.616464
483,LIMA,2019-10-16,3968548.556129
484,SUR,2020-08-07,2130454.451371
485,CENTRO-ORIENTE,2021-05-30,120545.090546
486,LIMA,2020-08-07,3969443.310322
487,SUR,2020-12-07,1547623.644133
488,SUR,2021-06-08,1900700.653317
489,NORTE,2021-01-17,83120.80514
490,LIMA,2020-08-04,3749974.923339
491,CENTRO-ORIENTE,2020-10-07,2299228.381988
492,NORTE,2020-07-15,1792408.769163
493,LIMA,2021-02-06,5784193.899738
494,CENTRO-ORIENTE,2020-04-04,2575388.835248
495,SUR,2019-10-19,1063394.551244
496,SUR,2020-12-04,1735015.151132
497,NORTE,2021-01-11,3221393.01589
498,NORTE,2020-07-12,0.047732
499,LIMA,2021-02-03,5315112.009447
500,CENTRO-ORIENTE,2020-04-07,2550393.088028
501,CENTRO-ORIENTE,2019-10-04,874768.92698
502,NORTE,2021-01-14,2737146.639634
503,SUR,2021-06-11,1830516.123584
504,SUR,2019-10-16,1421891.135179
505,CENTRO-ORIENTE,2020-10-10,2129846.105491
506,LIMA,2021-02-09,5339379.232395
507,CENTRO-ORIENTE,2019-10-07,1093948.722395
508,LIMA,2019-12-13,3957659.4084
509,NORTE,2021-01-08,2609038.72896
510,CENTRO-ORIENTE,2020-12-01,1004637.57723
511,NORTE,2019-11-17,138344.216873
512,LIMA,2021-01-31,1334182.224205
513,SUR,2020-06-10,2181602.293248
514,LIMA,2019-12-07,3967148.547748
515,CENTRO-ORIENTE,2021-06-05,1548918.083095
516,NORTE,2020-05-21,2547794.57905
517,LIMA,2019-12-10,5566654.233284
518,CENTRO-ORIENTE,2021-06-02,1833728.05982
519,CENTRO-ORIENTE,2019-10-10,1780652.809345
520,SUR,2020-12-10,1913805.31458
521,LIMA,2020-06-13,3667905.548638
522,NORTE,2019-11-20,1681588.533421
523,NORTE,2019-11-14,2534222.307854
524,CENTRO-ORIENTE,2019-10-13,81741.387948
525,LIMA,2021-04-08,5593628.409503
526,CENTRO-ORIENTE,2020-06-01,1868668.083733
527,SUR,2020-04-07,2375402.953496
528,SUR,2020-10-10,1395490.56771
529,CENTRO-ORIENTE,2020-12-07,1391339.765205
530,NORTE,2021-03-13,2902534.202896
531,LIMA,2021-04-02,0.007793
532,SUR,2021-04-14,1668815.063199
533,NORTE,2020-09-08,2033956.414602
534,LIMA,2021-04-05,5825360.62981
535,CENTRO-ORIENTE,2020-06-04,3399745.215919
536,LIMA,2020-10-01,3878920.948627
537,NORTE,2020-01-20,2101964.828047
538,CENTRO-ORIENTE,2021-06-08,1917443.743141
539,LIMA,2020-02-12,3691412.613686
540,SUR,2020-10-07,1890271.993998
541,LIMA,2019-10-30,5293343.097284
542,SUR,2020-02-29,2349558.602196
543,CENTRO-ORIENTE,2020-04-14,3436884.173973
544,LIMA,2019-10-24,4271472.271446
545,CENTRO-ORIENTE,2021-06-03,1399893.353884
546,SUR,2020-09-02,1662172.468342
547,NORTE,2021-05-30,375985.025376
548,CENTRO-ORIENTE,2019-10-11,1364974.951294
549,NORTE,2019-10-01,1522133.249888
550,CENTRO-ORIENTE,2021-06-09,2047145.012881
551,SUR,2021-04-22,1904768.8924
552,NORTE,2019-10-07,2135755.665097
553,LIMA,2020-04-30,5657007.738586
554,NORTE,2021-05-27,4352346.122173
555,SUR,2020-02-26,1732504.964846
556,SUR,2020-03-03,1092893.96668
557,CENTRO-ORIENTE,2019-10-08,391029.9543
558,LIMA,2021-06-19,4416508.242467
559,LIMA,2019-10-27,180182.245361
560,CENTRO-ORIENTE,2019-10-14,1566807.381408
561,NORTE,2021-06-02,2086804.0705
562,NORTE,2020-04-07,1966717.573947
563,NORTE,2019-10-04,1990651.364984
564,LIMA,2021-06-22,36098.821342
565,CENTRO-ORIENTE,2021-06-06,216174.950907
566,CENTRO-ORIENTE,2020-06-05,1763185.434476
567,NORTE,2020-10-04,320952.577309
568,SUR,2021-04-28,1866241.654733
569,CENTRO-ORIENTE,2019-10-17,1122979.642589
570,SUR,2020-10-24,1667419.463395
571,LIMA,2020-04-24,4963831.352256
572,SUR,2020-03-06,1984472.138034
573,LIMA,2020-10-27,5521570.611068
574,NORTE,2020-04-04,1626984.499989
575,CENTRO-ORIENTE,2020-12-05,1464095.773239
576,SUR,2019-09-02,1094594.662576
577,CENTRO-ORIENTE,2020-12-11,1543466.226044
578,CENTRO-ORIENTE,2020-06-08,1847973.000714
579,SUR,2021-05-01,49705.226619
580,NORTE,2020-10-07,3317486.004567
581,SUR,2019-09-05,1600046.500118
582,LIMA,2020-10-30,4803540.018346
583,LIMA,2020-04-27,6491721.773721
584,NORTE,2020-04-01,1141301.779142
585,CENTRO-ORIENTE,2020-12-08,1527372.968873
586,CENTRO-ORIENTE,2021-06-12,1648836.151294
587,LIMA,2020-06-24,8842657.470244
588,NORTE,2020-06-07,1200.057639
589,CENTRO-ORIENTE,2020-06-11,3202426.950168
590,LIMA,2020-06-30,6257270.389077
591,NORTE,2019-12-04,1543238.269349
592,SUR,2020-01-02,703329.705309
593,NORTE,2020-06-04,2462986.924285
594,LIMA,2019-12-24,1886695.573483
595,LIMA,2020-06-27,4396465.226806
596,CENTRO-ORIENTE,2020-06-14,1850928.078496
597,CENTRO-ORIENTE,2019-12-11,1160739.035558
598,SUR,2019-12-30,1991442.948211
599,LIMA,2019-12-27,3847747.285346
600,SUR,2021-02-23,1908336.522029
601,CENTRO-ORIENTE,2021-02-04,2088058.836073
602,NORTE,2021-06-05,1915217.655491
603,NORTE,2020-12-01,1765561.780996
604,SUR,2020-08-24,2556817.566537
605,CENTRO-ORIENTE,2019-12-14,724873.762386
606,LIMA,2020-12-21,4133770.296372
607,LIMA,2020-12-27,586611.810842
608,SUR,2021-02-26,2839948.910817
609,NORTE,2020-05-29,3093265.441638
610,CENTRO-ORIENTE,2021-02-01,1675178.567324
611,NORTE,2019-10-10,2486335.260888
612,LIMA,2020-06-21,0.3183
613,LIMA,2019-11-02,3522944.9038
614,SUR,2021-03-01,1435540.372643
615,NORTE,2020-11-28,2326913.960591
616,NORTE,2020-12-04,1644123.950422
617,SUR,2020-08-27,2145867.051652
618,CENTRO-ORIENTE,2021-02-07,198012.821325
619,CENTRO-ORIENTE,2019-12-17,940523.013378
620,LIMA,2020-12-24,1541975.907946
621,NORTE,2020-06-01,1814382.671337
622,SUR,2019-11-02,643879.257926
623,NORTE,2020-07-29,2015178.081899
624,CENTRO-ORIENTE,2020-08-11,2261239.665044
625,LIMA,2020-08-24,6955323.058958
626,LIMA,2020-08-21,4349727.718321
627,CENTRO-ORIENTE,2021-02-10,2645055.138641
628,CENTRO-ORIENTE,2020-08-05,1757242.488604
629,LIMA,2021-02-26,5147022.309217
630,NORTE,2020-08-04,2057551.890569
631,SUR,2020-12-27,135602.380272
632,SUR,2019-11-05,1173120.048038
633,LIMA,2020-08-27,5522509.097837
634,CENTRO-ORIENTE,2020-08-08,1469281.019156
635,SUR,2020-12-24,1287315.965546
636,NORTE,2020-08-01,1692159.453766
637,NORTE,2021-02-03,3092674.200971
638,CENTRO-ORIENTE,2020-02-07,1577768.238874
639,LIMA,2021-02-17,6364784.659678
640,SUR,2020-06-27,2104322.037045
641,NORTE,2019-12-10,2166415.725241
642,LIMA,2019-12-30,3724381.297768
643,NORTE,2021-01-25,3799563.421529
644,CENTRO-ORIENTE,2020-02-13,3435727.222761
645,NORTE,2021-01-31,308476.335126
646,SUR,2021-01-02,949039.163799
647,SUR,2020-06-30,2469535.83138
648,LIMA,2021-02-20,6361178.615505
649,CENTRO-ORIENTE,2020-08-14,2619073.154957
650,SUR,2019-12-27,1343446.671
651,CENTRO-ORIENTE,2021-04-03,1389695.105745
652,NORTE,2019-12-07,2009812.417006
653,LIMA,2021-02-23,4545425.444276
654,LIMA,2020-01-02,2609520.083566
655,SUR,2020-07-03,1593186.895945
656,SUR,2020-12-30,2953742.249623
657,CENTRO-ORIENTE,2020-02-10,1898922.607426
658,NORTE,2021-01-28,3027731.232166
659,NORTE,2020-02-09,0.351827
660,CENTRO-ORIENTE,2021-04-12,2099078.014067
661,LIMA,2020-10-21,4383206.04082
662,SUR,2020-10-30,2057616.424269
663,LIMA,2021-04-25,4144.371705
664,CENTRO-ORIENTE,2021-04-06,1758207.522035
665,NORTE,2020-09-28,5422429.334699
666,LIMA,2019-09-02,3525479.551666
667,NORTE,2021-04-02,66032.688119
668,SUR,2020-11-02,744457.745629
669,SUR,2019-09-08,9216.013001
670,LIMA,2021-04-28,5248650.250596
671,CENTRO-ORIENTE,2021-04-09,2098039.996103
672,CENTRO-ORIENTE,2020-10-05,1955246.730179
673,LIMA,2020-10-24,4587599.585191
674,LIMA,2021-04-22,4488064.499248
675,NORTE,2021-04-05,2652638.812284
676,CENTRO-ORIENTE,2020-03-28,2562582.463263
677,NORTE,2020-07-02,2076782.427361
678,CENTRO-ORIENTE,2021-05-20,1646054.817679
679,SUR,2020-05-25,1979416.033578
680,LIMA,2020-01-21,5021917.078489
681,CENTRO-ORIENTE,2021-05-17,1185554.870446
682,SUR,2020-05-22,2283795.463202
683,SUR,2020-11-24,1744206.668369
684,SUR,2021-05-29,1365675.311303
685,CENTRO-ORIENTE,2019-09-21,771878.338695
686,LIMA,2020-07-25,3931453.373571
687,CENTRO-ORIENTE,2020-03-25,1434677.415034
688,LIMA,2021-01-24,162965.174383
689,NORTE,2020-06-29,2100171.424549
690,SUR,2019-10-03,1064140.997432
691,SUR,2020-11-27,1601127.249821
692,CENTRO-ORIENTE,2021-05-14,1823104.775122
693,SUR,2020-11-21,1178316.005718
694,NORTE,2019-12-29,373431.263858
695,CENTRO-ORIENTE,2019-09-24,1065256.833628
696,LIMA,2020-07-22,4594345.659833
697,NORTE,2019-11-07,2150434.113019
698,LIMA,2021-01-21,9611348.611112
699,SUR,2019-11-27,1808457.249772
700,CENTRO-ORIENTE,2020-11-21,2864884.266396
701,NORTE,2020-12-29,2584372.72891
702,CENTRO-ORIENTE,2020-11-15,71586.713285
703,NORTE,2020-06-26,2550398.546105
704,CENTRO-ORIENTE,2019-09-27,1086508.255232
705,LIMA,2019-11-27,4134777.491929
706,CENTRO-ORIENTE,2020-11-18,1586693.95024
707,NORTE,2019-11-04,1954098.764306
708,CENTRO-ORIENTE,2021-05-23,214589.602977
709,LIMA,2021-01-18,6482850.626619
710,SUR,2020-05-28,1842320.49111
711,NORTE,2020-12-26,1653788.328192
712,LIMA,2019-11-30,5313649.133348
713,SUR,2020-03-25,1103347.491217
714,CENTRO-ORIENTE,2020-05-25,2612464.48828
715,LIMA,2021-03-23,4884859.796528
716,NORTE,2020-08-29,3000144.612703
717,NORTE,2021-03-03,2499983.635917
718,CENTRO-ORIENTE,2020-05-19,2698798.985068
719,NORTE,2020-02-25,2409968.816772
720,LIMA,2020-09-18,5446709.144911
721,SUR,2020-09-30,4507166.983226
722,LIMA,2020-03-19,2102473.538378
723,SUR,2020-03-28,987306.103967
724,NORTE,2021-02-28,263616.117207
725,NORTE,2020-08-26,2718634.656534
726,CENTRO-ORIENTE,2019-11-18,1157726.466673
727,CENTRO-ORIENTE,2020-11-24,2526159.37645
728,LIMA,2020-09-21,4510935.966055
729,LIMA,2021-03-26,4266818.655926
730,CENTRO-ORIENTE,2020-05-22,2067215.38098
731,CENTRO-ORIENTE,2019-11-24,0.015811
732,SUR,2019-09-30,3076358.669637
733,NORTE,2021-02-25,2625645.35764
734,SUR,2019-09-27,1574040.065569
735,CENTRO-ORIENTE,2021-01-15,2374156.0636
736,CENTRO-ORIENTE,2019-11-21,1531151.997611
737,NORTE,2020-01-01,376.0
738,NORTE,2021-02-22,3799439.326019
739,SUR,2021-05-26,1977222.03978
740,SUR,2021-05-20,1974200.683265
741,NORTE,2020-07-05,58048.183204
742,LIMA,2020-01-27,4097087.210943
743,LIMA,2021-03-17,5327670.441343
744,SUR,2019-09-24,1532431.123122
745,CENTRO-ORIENTE,2019-11-27,2313768.35051
746,NORTE,2020-01-04,1375628.159081
747,LIMA,2020-01-24,4991928.848974
748,LIMA,2021-03-20,6236041.336125
749,SUR,2020-03-31,2522386.782657
750,LIMA,2020-07-28,416539.584181
751,NORTE,2020-03-05,1780900.323472
752,CENTRO-ORIENTE,2020-07-19,138245.86543
753,LIMA,2020-11-15,107782.797038
754,SUR,2021-03-23,2022959.501365
755,LIMA,2020-03-28,3457296.872214
756,SUR,2020-07-31,3387695.176365
757,NORTE,2019-09-07,1966156.993733
758,LIMA,2019-09-27,3744864.265036
759,NORTE,2021-04-27,2901940.647798
760,SUR,2020-01-27,1879550.353874
761,NORTE,2020-10-23,4121725.384957
762,CENTRO-ORIENTE,2021-01-21,2051228.626135
763,NORTE,2020-10-26,3566437.224306
764,LIMA,2021-05-23,250974.834226
765,CENTRO-ORIENTE,2020-07-22,1536624.856662
766,SUR,2021-03-20,1961534.00925
767,LIMA,2020-11-18,7020356.172535
768,NORTE,2019-09-04,1816331.608455
769,CENTRO-ORIENTE,2021-01-18,2061030.993315
770,LIMA,2019-09-24,5329523.662621
771,SUR,2020-01-30,1620737.651925
772,NORTE,2021-04-30,4442361.767541
773,CENTRO-ORIENTE,2020-07-16,2241839.355823
774,LIMA,2019-09-30,6873997.811456
775,LIMA,2021-05-20,4975043.014328
776,CENTRO-ORIENTE,2020-07-25,2530327.929069
777,LIMA,2020-03-22,95374.602763
778,SUR,2020-02-02,4280.035622
779,LIMA,2020-09-24,4725654.790189
780,CENTRO-ORIENTE,2020-01-21,2365034.699194
781,SUR,2021-03-29,1938305.334636
782,LIMA,2019-09-21,3512618.861213
783,SUR,2020-09-24,1997599.583358
784,LIMA,2021-05-17,4755881.483022
785,NORTE,2020-03-02,2081531.382748
786,CENTRO-ORIENTE,2020-01-24,2193211.9362
787,LIMA,2020-03-25,3493156.427474
788,CENTRO-ORIENTE,2020-01-18,1908584.837226
789,SUR,2021-03-26,2208264.975292
790,NORTE,2021-04-24,2618743.98824
791,NORTE,2020-02-28,2933355.840126
792,SUR,2020-09-21,2199244.97586
793,NORTE,2020-09-01,1831320.407501
794,CENTRO-ORIENTE,2021-03-14,99791.145936
795,LIMA,2020-05-28,5280524.152736
796,CENTRO-ORIENTE,2021-03-20,2077233.328089
797,NORTE,2019-11-01,479691.525361
798,CENTRO-ORIENTE,2020-09-15,2828595.094228
799,NORTE,2020-05-05,2347204.660662
800,LIMA,2021-01-15,7427718.833628
801,NORTE,2020-05-02,2649244.406853
802,SUR,2021-01-18,2092544.617628
803,NORTE,2020-12-23,2235423.337411
804,SUR,2019-12-03,1057413.47912
805,LIMA,2019-11-21,4289815.042732
806,CENTRO-ORIENTE,2021-03-17,2097369.404187
807,CENTRO-ORIENTE,2021-03-23,2751946.032043
808,LIMA,2020-05-25,5140254.854546
809,SUR,2021-01-21,2189706.919698
810,CENTRO-ORIENTE,2020-01-27,1699862.319179
811,NORTE,2019-12-23,1852730.926764
812,CENTRO-ORIENTE,2021-02-23,3619049.889814
813,LIMA,2021-03-08,5817396.330341
814,SUR,2019-11-15,1638171.498976
815,LIMA,2020-01-15,5650675.691049
816,CENTRO-ORIENTE,2019-12-30,1933977.899174
817,CENTRO-ORIENTE,2020-08-21,2555799.42101
818,LIMA,2021-03-11,5324618.11534
819,CENTRO-ORIENTE,2021-02-20,3007835.341526
820,NORTE,2019-12-26,1425567.768762
821,LIMA,2020-09-06,59480.384
822,NORTE,2021-02-16,3032180.093166
823,SUR,2019-11-18,1563871.384027
824,NORTE,2020-08-14,2386334.097792
825,NORTE,2021-02-13,2881091.991203
826,SUR,2020-05-19,1843709.690178
827,SUR,2021-01-09,1897185.757347
828,LIMA,2020-01-18,4432902.283659
829,LIMA,2020-01-09,5851358.728765
830,LIMA,2020-07-13,3423434.984201
831,NORTE,2019-12-17,2280312.401037
832,SUR,2019-11-21,1957412.3386
833,NORTE,2020-06-20,2986406.650634
834,NORTE,2021-02-10,3045819.633859
835,SUR,2021-01-12,1923023.586332
836,SUR,2020-07-10,2277020.912287
837,CENTRO-ORIENTE,2020-02-23,0.00151
838,CENTRO-ORIENTE,2020-08-27,2112776.162635
839,NORTE,2019-12-20,1664810.353101
840,CENTRO-ORIENTE,2021-02-26,1480143.552942
841,LIMA,2020-07-16,4424936.531677
842,LIMA,2021-03-05,5529102.656546
843,SUR,2020-07-13,2860355.166124
844,NORTE,2020-06-23,4079595.226763
845,CENTRO-ORIENTE,2020-02-20,2055046.468311
846,SUR,2021-01-15,2225628.529647
847,LIMA,2020-01-12,148703.027078
848,CENTRO-ORIENTE,2020-08-24,2111359.721464
849,LIMA,2020-03-16,2605962.985902
850,SUR,2019-09-21,1148053.090023
851,CENTRO-ORIENTE,2020-02-26,2506358.529065
852,SUR,2021-05-17,2859009.081419
853,NORTE,2021-04-12,2503866.78609
854,LIMA,2019-09-12,4026807.553385
855,CENTRO-ORIENTE,2021-04-19,2366186.259852
856,LIMA,2021-05-05,4133026.952154
857,SUR,2020-11-12,1685737.07408
858,NORTE,2020-02-19,1810028.732974
859,SUR,2020-03-22,11472.044058
860,SUR,2019-09-18,1693127.561211
861,CENTRO-ORIENTE,2020-02-29,2975558.692851
862,LIMA,2019-09-09,3410547.17562
863,NORTE,2021-04-15,2523887.564319
864,CENTRO-ORIENTE,2021-04-22,1118045.865723
865,SUR,2021-05-14,1787396.648993
866,LIMA,2021-05-08,7719583.877698
867,LIMA,2020-03-13,3499607.042127
868,SUR,2020-11-09,1625073.052828
869,CENTRO-ORIENTE,2020-10-18,188429.382398
870,NORTE,2020-02-22,1585269.199993
871,NORTE,2020-08-17,2288339.331875
872,NORTE,2021-02-19,2748412.29392
873,SUR,2019-11-12,1212001.226671
874,LIMA,2020-03-10,3391491.083372
875,SUR,2020-05-16,1867605.657118
876,NORTE,2020-08-23,321024.182368
877,CENTRO-ORIENTE,2020-10-21,1806715.842302
878,SUR,2020-11-18,1735412.66648
879,CENTRO-ORIENTE,2021-04-25,103446.809536
880,LIMA,2020-09-12,4835286.59804
881,CENTRO-ORIENTE,2020-04-21,3101792.082595
882,CENTRO-ORIENTE,2020-10-24,2367109.789194
883,NORTE,2020-08-20,2776154.021315
884,SUR,2020-05-13,1991939.072066
885,CENTRO-ORIENTE,2019-09-02,799544.53965
886,NORTE,2020-02-16,0.022434
887,LIMA,2020-09-09,4139619.77207
888,LIMA,2020-09-15,3998537.169684
889,NORTE,2020-04-20,1541432.260543
890,CENTRO-ORIENTE,2020-10-27,2593278.16031
891,LIMA,2020-05-13,5858281.011259
892,SUR,2020-09-12,1396359.778164
893,SUR,2021-03-17,1903501.338233
894,NORTE,2019-10-17,2037286.79576
895,CENTRO-ORIENTE,2020-04-24,1996332.049399
896,LIMA,2019-11-09,4178276.491409
897,CENTRO-ORIENTE,2019-10-24,1354559.081852
898,CENTRO-ORIENTE,2021-06-19,1389888.527799
899,LIMA,2020-11-12,6652396.799831
900,NORTE,2020-04-23,2714802.419034
901,NORTE,2020-04-17,1963619.052484
902,SUR,2020-09-09,2102529.234505
903,CENTRO-ORIENTE,2020-04-27,2380599.51101
904,CENTRO-ORIENTE,2020-04-30,1855654.203526
905,NORTE,2021-06-12,2355092.325009
906,SUR,2020-09-15,1761479.592356
907,NORTE,2020-10-20,2565751.82162
908,SUR,2020-03-13,1856113.502593
909,CENTRO-ORIENTE,2021-06-16,1456005.15724
910,LIMA,2020-05-07,5906894.310682
911,CENTRO-ORIENTE,2021-06-22,51086.011476
912,CENTRO-ORIENTE,2020-12-18,1812013.168302
913,NORTE,2021-04-18,96.076011
914,LIMA,2019-09-18,4207293.043066
915,SUR,2021-05-08,1430696.961831
916,SUR,2020-09-18,1897044.52685
917,SUR,2021-05-11,1296368.67638
918,NORTE,2021-04-21,2681944.497575
919,LIMA,2021-05-11,3952316.262477
920,NORTE,2020-10-17,2984101.981518
921,NORTE,2020-04-14,1816216.719782
922,LIMA,2020-11-06,4288721.376229
923,CENTRO-ORIENTE,2019-10-30,1201511.974167
924,SUR,2020-03-16,1449232.146645
925,CENTRO-ORIENTE,2020-12-21,1926986.47629
926,LIMA,2019-09-15,146257.802897
927,NORTE,2020-10-14,3082542.531528
928,CENTRO-ORIENTE,2019-10-27,90185.370205
929,LIMA,2021-05-14,4981092.795468
930,SUR,2020-03-19,885500.557503
931,LIMA,2020-11-09,5405073.984168
932,CENTRO-ORIENTE,2019-11-02,258700.629069
933,SUR,2020-01-12,0.040079
934,CENTRO-ORIENTE,2020-06-24,2519364.470119
935,SUR,2020-07-16,2018933.020252
936,CENTRO-ORIENTE,2020-12-27,104553.569973
937,LIMA,2021-01-12,5637700.125146
938,LIMA,2020-07-07,4941357.140491
939,NORTE,2020-12-17,2492887.31032
940,SUR,2020-01-15,1566127.949045
941,LIMA,2020-07-10,4097578.602968
942,CENTRO-ORIENTE,2020-12-24,1430367.451437
943,NORTE,2020-06-17,1784258.711433
944,LIMA,2021-01-09,5199003.673262
945,NORTE,2020-12-20,516339.766789
946,CENTRO-ORIENTE,2020-09-30,3161103.052665
947,LIMA,2021-01-27,6388824.843415
948,NORTE,2020-05-17,33680.289454
949,CENTRO-ORIENTE,2021-04-04,108926.09648
950,NORTE,2021-01-04,2821175.703633
951,SUR,2020-04-09,160264.688833
952,LIMA,2019-12-09,4599461.586028
953,NORTE,2019-11-13,1734492.525834
954,SUR,2019-10-09,1457522.592036
955,CENTRO-ORIENTE,2020-10-03,1681045.58901
956,CENTRO-ORIENTE,2020-09-27,97431.761446
957,CENTRO-ORIENTE,2021-04-01,971396.430232
958,SUR,2020-04-06,2009505.014142
959,NORTE,2021-01-07,3317239.035999
960,LIMA,2019-12-06,3914587.552939
961,LIMA,2021-01-30,10289453.689341
962,NORTE,2019-11-16,2122785.715948
963,LIMA,2020-06-09,4885158.213839
964,SUR,2021-06-01,1027298.66443
965,LIMA,2020-12-06,134248.127697
966,NORTE,2020-05-11,2820462.579928
967,SUR,2019-10-12,1271359.430261
968,CENTRO-ORIENTE,2020-10-06,1502930.859895
969,SUR,2020-12-03,1436957.437928
970,NORTE,2020-11-13,2032010.558003
971,CENTRO-ORIENTE,2021-05-26,1559032.387467
972,SUR,2021-06-04,1672374.514996
973,LIMA,2019-12-03,4431383.4582
974,CENTRO-ORIENTE,2020-04-06,2364167.426866
975,SUR,2020-11-30,3288363.550339
976,SUR,2019-10-15,1237310.972921
977,LIMA,2020-06-06,3980577.59816
978,CENTRO-ORIENTE,2020-03-31,3044573.514866
979,NORTE,2020-05-14,3718963.638183
980,SUR,2021-06-07,1528157.150738
981,CENTRO-ORIENTE,2019-09-30,2276989.8231
982,NORTE,2019-11-10,259768.271068
983,LIMA,2020-06-03,5009248.525432
984,CENTRO-ORIENTE,2020-04-03,1588065.877802
985,SUR,2021-04-07,2072014.670291
986,NORTE,2020-01-13,2496299.908448
987,SUR,2021-04-01,829555.385597
988,CENTRO-ORIENTE,2021-06-01,1210724.79154
989,LIMA,2020-02-05,3925132.32081
990,CENTRO-ORIENTE,2019-10-09,1325223.340771
991,CENTRO-ORIENTE,2019-10-03,958282.714843
992,LIMA,2021-03-29,4680085.12911
993,CENTRO-ORIENTE,2020-11-27,2130054.096121
994,LIMA,2020-02-02,151944.850361
995,CENTRO-ORIENTE,2021-05-29,2498852.846644
996,LIMA,2020-08-06,4033101.202989
997,SUR,2020-02-11,1595984.481502
998,CENTRO-ORIENTE,2019-10-06,53345.263759
999,NORTE,2021-03-06,2607083.971196
1000,CENTRO-ORIENTE,2021-06-04,1598170.241264
1001,NORTE,2020-01-10,2188406.409623
1002,NORTE,2020-07-14,2134743.703544
1003,LIMA,2020-01-30,4654836.295299
1004,NORTE,2021-01-10,422977.194477
1005,LIMA,2021-02-02,5702546.718235
1006,NORTE,2020-07-11,2233080.140312
1007,SUR,2020-04-03,2547408.001312
1008,CENTRO-ORIENTE,2020-05-31,0.078552
1009,SUR,2020-10-06,1423232.090925
1010,NORTE,2020-01-07,2285780.391701
1011,SUR,2021-04-10,1306442.25315
1012,LIMA,2020-07-31,5513033.68391
1013,CENTRO-ORIENTE,2020-12-03,1307585.725741
1014,NORTE,2021-01-13,2931990.933759
1015,CENTRO-ORIENTE,2020-11-30,2706295.034898
1016,LIMA,2021-02-05,5831968.017591
1017,CENTRO-ORIENTE,2020-05-28,2958108.537088
1018,NORTE,2020-07-08,2651711.315113
1019,SUR,2020-10-09,2053177.306512
1020,SUR,2020-10-03,1162881.214244
1021,LIMA,2020-08-03,4028567.442731
1022,CENTRO-ORIENTE,2020-06-03,2205609.169256
1023,NORTE,2020-09-13,50882.918754
1024,NORTE,2020-03-11,1894761.425361
1025,CENTRO-ORIENTE,2019-12-06,768665.105847
1026,LIMA,2020-10-06,4149731.397228
1027,CENTRO-ORIENTE,2019-11-30,2437545.757463
1028,LIMA,2020-03-31,4690827.71271
1029,SUR,2021-02-08,1804007.601443
1030,SUR,2020-08-06,2294775.12649
1031,SUR,2019-12-15,36669.201566
1032,CENTRO-ORIENTE,2020-06-06,3111413.894161
1033,NORTE,2020-09-10,2069483.258002
1034,SUR,2021-02-02,1479063.878683
1035,NORTE,2020-03-08,259388.93236
1036,LIMA,2020-10-03,4584904.166158
1037,CENTRO-ORIENTE,2019-12-03,1020972.157367
1038,SUR,2021-02-05,1721115.310995
1039,LIMA,2020-04-03,5209562.171647
1040,SUR,2020-08-03,2482316.564994
1041,CENTRO-ORIENTE,2021-01-24,110971.940674
1042,LIMA,2021-04-04,793232.827887
1043,SUR,2020-08-12,1751718.063936
1044,CENTRO-ORIENTE,2021-01-27,2837196.719102
1045,SUR,2020-02-08,865248.254101
1046,LIMA,2020-09-30,7049972.633239
1047,CENTRO-ORIENTE,2021-02-02,3127998.248329
1048,NORTE,2021-03-09,2782821.225247
1049,NORTE,2020-09-04,2271385.439152
1050,SUR,2020-02-05,1512159.317454
1051,NORTE,2020-01-16,2056931.568874
1052,CENTRO-ORIENTE,2021-01-30,2940663.636601
1053,LIMA,2020-09-27,93896.874924
1054,LIMA,2020-02-08,5302425.025281
1055,CENTRO-ORIENTE,2020-07-28,351539.503249
1056,CENTRO-ORIENTE,2019-12-09,911222.603483
1057,NORTE,2021-03-12,2350676.787625
1058,LIMA,2021-04-01,2674683.266482
1059,NORTE,2020-09-07,2691221.157847
1060,SUR,2020-12-09,1452136.603003
1061,NORTE,2019-09-16,2236966.212969
1062,SUR,2020-06-06,1344707.728241
1063,LIMA,2020-11-30,8588360.444905
1064,CENTRO-ORIENTE,2020-07-31,3071139.81363
1065,LIMA,2021-06-04,5975954.666116
1066,NORTE,2020-11-10,2501804.136048
1067,CENTRO-ORIENTE,2020-01-30,2462366.454496
1068,LIMA,2019-10-09,3561252.731023
1069,SUR,2020-06-03,1665431.156772
1070,NORTE,2019-09-19,2372301.065158
1071,NORTE,2020-05-08,2568424.837779
1072,LIMA,2020-12-03,5960592.780505
1073,CENTRO-ORIENTE,2020-08-03,1589517.549216
1074,NORTE,2020-11-07,2852525.938104
1075,CENTRO-ORIENTE,2020-08-06,1693295.080695
1076,SUR,2020-06-09,1610643.714509
1077,NORTE,2021-05-12,2303327.042981
1078,LIMA,2019-10-12,4180159.844996
1079,NORTE,2021-05-03,2419017.672348
1080,SUR,2021-01-30,2729572.7354
1081,SUR,2021-02-18,2256364.77116
1082,LIMA,2020-10-19,4642128.819926
1083,NORTE,2020-09-26,3314020.436901
1084,LIMA,2020-10-13,4203807.248769
1085,SUR,2019-12-28,1896952.042617
1086,NORTE,2020-09-20,17264.1858
1087,CENTRO-ORIENTE,2020-06-19,1725840.67079
1088,CENTRO-ORIENTE,2019-12-16,1123714.274911
1089,NORTE,2021-03-25,3190995.32892
1090,SUR,2021-02-15,1773438.655341
1091,SUR,2019-12-25,1996.036607
1092,CENTRO-ORIENTE,2020-12-19,2300096.603995
1093,LIMA,2021-04-20,4472785.034979
1094,LIMA,2020-10-16,4342208.32951
1095,CENTRO-ORIENTE,2020-06-16,3254684.263722
1096,LIMA,2021-04-17,3867131.317456
1097,NORTE,2021-03-28,0.088746
1098,NORTE,2020-09-23,2655265.240418
1099,LIMA,2020-02-24,3749158.837
1100,NORTE,2020-02-01,1511313.862392
1101,CENTRO-ORIENTE,2020-06-22,2757252.417088
1102,LIMA,2021-04-14,4552079.394713
1103,SUR,2020-08-22,1614674.138489
1104,SUR,2021-02-24,1799913.46756
1105,NORTE,2021-03-19,1811657.118673
1106,CENTRO-ORIENTE,2019-12-22,5440.088804
1107,LIMA,2020-02-21,3284566.217475
1108,CENTRO-ORIENTE,2021-02-12,1628342.984181
1109,SUR,2020-02-18,1368830.469262
1110,NORTE,2020-01-29,1782259.233801
1111,NORTE,2020-01-26,438337.427601
1112,CENTRO-ORIENTE,2021-02-09,2682265.712514
1113,LIMA,2020-02-18,4409013.701211
1114,LIMA,2021-04-11,86290.232874
1115,SUR,2020-08-19,2046532.469919
1116,CENTRO-ORIENTE,2019-12-19,1218064.428398
1117,NORTE,2021-03-22,3198643.853252
1118,NORTE,2021-05-28,2354730.766249
1119,LIMA,2021-06-14,4593050.840526
1120,CENTRO-ORIENTE,2020-08-13,2558521.305792
1121,SUR,2019-10-31,3002850.842564
1122,NORTE,2021-05-22,2604886.406611
1123,LIMA,2021-06-20,60529.298526
1124,CENTRO-ORIENTE,2021-02-15,2415889.683921
1125,SUR,2020-12-19,1443151.677047
1126,LIMA,2019-10-19,5673250.600366
1127,NORTE,2020-04-02,1564775.167029
1128,LIMA,2020-12-13,158857.253923
1129,NORTE,2019-09-29,567658.162117
1130,NORTE,2020-11-20,2056955.578711
1131,NORTE,2021-05-25,2766257.611352
1132,LIMA,2019-10-25,5912415.481082
1133,LIMA,2021-06-17,4827333.763173
1134,CENTRO-ORIENTE,2021-02-18,1715221.225123
1135,LIMA,2020-04-25,5433932.395123
1136,NORTE,2019-10-02,1622671.903547
1137,LIMA,2019-10-22,4090783.054842
1138,SUR,2020-12-22,1876875.365089
1139,SUR,2020-06-19,1986152.105335
1140,SUR,2019-10-28,1904932.345812
1141,NORTE,2019-09-26,3011812.437298
1142,CENTRO-ORIENTE,2019-12-25,354345.679185
1143,SUR,2020-06-25,1808950.092958
1144,NORTE,2020-03-30,1919539.705592
1145,CENTRO-ORIENTE,2020-08-19,3316880.411216
1146,NORTE,2020-03-24,1500336.675578
1147,SUR,2019-12-22,26912.44584
1148,NORTE,2021-05-19,2592237.34359
1149,CENTRO-ORIENTE,2020-02-15,1274211.934076
1150,LIMA,2020-04-16,6400141.70827
1151,LIMA,2020-04-22,5839940.109623
1152,NORTE,2019-09-23,2824222.186623
1153,SUR,2020-06-22,1869315.72274
1154,NORTE,2020-03-27,1245339.159971
1155,CENTRO-ORIENTE,2021-04-11,147152.129665
1156,LIMA,2020-10-22,6326323.221455
1157,LIMA,2021-06-11,6683042.239886
1158,NORTE,2020-09-29,3594922.265788
1159,CENTRO-ORIENTE,2020-02-18,7559992.969585
1160,CENTRO-ORIENTE,2020-08-22,2300005.357195
1161,LIMA,2020-04-19,4.242203
1162,CENTRO-ORIENTE,2021-04-14,1866169.82789
1163,LIMA,2020-06-22,5084939.651464
1164,NORTE,2019-11-26,2516131.782009
1165,LIMA,2019-12-19,4267773.014827
1166,SUR,2020-10-22,1951669.860173
1167,CENTRO-ORIENTE,2020-02-21,2379183.112186
1168,CENTRO-ORIENTE,2021-04-17,1283642.86062
1169,SUR,2020-04-22,2607727.456809
1170,NORTE,2019-11-23,1968564.884159
1171,NORTE,2020-05-27,3050270.111474
1172,CENTRO-ORIENTE,2020-10-13,2104811.582832
1173,NORTE,2019-11-29,1955820.145299
1174,LIMA,2019-12-16,4397069.065413
1175,SUR,2021-06-14,1739652.042444
1176,LIMA,2020-06-19,4578158.546649
1177,LIMA,2019-12-22,560373.503191
1178,NORTE,2020-05-30,2347332.760698
1179,SUR,2021-06-17,3028029.871035
1180,CENTRO-ORIENTE,2020-04-16,2074491.959411
1181,NORTE,2020-11-23,3935542.133962
1182,SUR,2020-04-28,1755758.984
1183,LIMA,2020-12-19,5857294.098959
1184,NORTE,2020-11-29,326353.006268
1185,CENTRO-ORIENTE,2020-10-19,2049248.05467
1186,LIMA,2020-06-16,5756568.618089
1187,SUR,2019-10-25,1702114.140461
1188,NORTE,2020-11-26,3325017.969664
1189,SUR,2020-12-16,2624505.956813
1190,SUR,2019-10-22,1724862.155203
1191,NORTE,2020-05-24,11718.55084
1192,LIMA,2020-12-16,6015772.429472
1193,SUR,2020-04-25,1856456.342355
1194,CENTRO-ORIENTE,2021-04-20,1898539.015535
1195,CENTRO-ORIENTE,2020-04-13,1798833.582343
1196,CENTRO-ORIENTE,2020-10-16,2712074.23203
1197,LIMA,2020-12-22,5598099.271075
1198,NORTE,2020-07-27,2892728.119034
1199,CENTRO-ORIENTE,2019-10-19,1058494.617254
1200,NORTE,2020-01-23,2223868.876208
1201,LIMA,2020-08-19,5137054.822495
1202,CENTRO-ORIENTE,2020-04-22,1865950.208532
1203,SUR,2020-02-21,1451908.315208
1204,LIMA,2020-02-15,3286290.977151
1205,CENTRO-ORIENTE,2021-06-11,1633819.544677
1206,NORTE,2020-07-24,1950894.258965
1207,NORTE,2020-07-30,2881498.112654
1208,LIMA,2020-08-16,177.174792
1209,SUR,2020-02-24,1347322.343298
1210,CENTRO-ORIENTE,2019-10-16,1060177.512852
1211,LIMA,2020-08-22,5465888.778687
1212,SUR,2020-08-25,2306233.026816
1213,SUR,2021-04-17,1268430.752092
1214,CENTRO-ORIENTE,2021-06-14,1641417.903572
1215,SUR,2020-02-27,1424217.789874
1216,NORTE,2019-12-02,1707931.300965
1217,NORTE,2020-02-07,1867388.884789
1218,CENTRO-ORIENTE,2020-08-15,4359979.355401
1219,LIMA,2020-09-03,5812955.784899
1220,LIMA,2021-04-23,4499857.480519
1221,NORTE,2020-08-11,2033024.004385
1222,SUR,2019-12-31,4185941.072428
1223,NORTE,2021-03-31,4510975.503175
1224,SUR,2020-07-04,1487884.52147
1225,CENTRO-ORIENTE,2020-02-17,874303.171131
1226,CENTRO-ORIENTE,2020-02-11,3713172.020475
1227,SUR,2021-01-06,2331504.470527
1228,LIMA,2020-03-04,5018057.185268
1229,LIMA,2020-02-27,3501181.77162
1230,CENTRO-ORIENTE,2020-08-18,2471371.045912
1231,LIMA,2020-08-31,6867824.582889
1232,NORTE,2020-02-10,2939306.951488
1233,NORTE,2020-02-04,1910497.115076
1234,CENTRO-ORIENTE,2021-04-07,2051127.66508
1235,NORTE,2020-08-08,2168039.469251
1236,CENTRO-ORIENTE,2020-02-14,1059230.373494
1237,SUR,2020-07-01,1538643.767121
1238,LIMA,2020-03-01,130191.533226
1239,SUR,2021-01-03,352837.451879
1240,CENTRO-ORIENTE,2021-04-10,2256130.74427
1241,CENTRO-ORIENTE,2021-04-16,1791562.159247
1242,SUR,2020-01-06,1676232.484019
1243,LIMA,2020-08-28,4935414.570013
1244,LIMA,2021-03-02,4191387.136968
1245,NORTE,2020-08-02,0.298495
1246,NORTE,2021-02-04,2805871.319532
1247,CENTRO-ORIENTE,2020-10-09,1496442.074375
1248,CENTRO-ORIENTE,2021-04-13,1482790.649674
1249,SUR,2020-01-03,1111696.911758
1250,LIMA,2020-08-25,5080954.57256
1251,LIMA,2021-02-27,8877475.86642
1252,SUR,2020-07-07,1824733.169492
1253,NORTE,2020-08-05,1792684.803871
1254,NORTE,2021-02-07,327176.737589
1255,SUR,2021-02-27,3227285.512103
1256,NORTE,2020-10-08,2771388.701491
1257,LIMA,2020-10-31,7592396.481268
1258,SUR,2020-11-06,1774072.111602
1259,LIMA,2020-04-28,6240964.382105
1260,NORTE,2020-10-11,239944.375237
1261,CENTRO-ORIENTE,2020-10-15,1994003.830566
1262,SUR,2020-05-04,1979038.594418
1263,NORTE,2020-10-05,2709241.164618
1264,CENTRO-ORIENTE,2020-04-09,278621.953357
1265,LIMA,2020-10-28,8106970.787906
1266,NORTE,2020-04-05,11904.308721
1267,SUR,2020-05-07,1792742.245632
1268,CENTRO-ORIENTE,2020-10-12,1661655.686931
1269,LIMA,2020-11-03,4768519.742226
1270,NORTE,2020-10-02,2187686.853676
1271,CENTRO-ORIENTE,2020-04-18,2299615.354962
1272,LIMA,2021-04-29,6016566.697302
1273,NORTE,2021-04-06,2725355.023401
1274,SUR,2019-11-06,1542071.855466
1275,LIMA,2019-09-06,4459860.894767
1276,CENTRO-ORIENTE,2019-10-15,1474826.121158
1277,CENTRO-ORIENTE,2021-06-07,1654440.442673
1278,LIMA,2020-10-25,100903.447511
1279,NORTE,2020-02-13,2128716.94015
1280,NORTE,2021-04-09,2519368.065862
1281,SUR,2020-12-31,2255889.122094
1282,CENTRO-ORIENTE,2020-04-15,2911495.988721
1283,SUR,2019-11-09,986305.345195
1284,LIMA,2021-05-02,19099.019554
1285,CENTRO-ORIENTE,2019-10-18,1442249.385168
1286,LIMA,2021-04-26,5662305.58933
1287,CENTRO-ORIENTE,2019-10-12,980430.653995
1288,CENTRO-ORIENTE,2021-06-10,2264286.724099
1289,LIMA,2020-03-07,4532862.371704
1290,LIMA,2019-09-03,3331115.128869
1291,NORTE,2021-04-03,826782.297855
1292,CENTRO-ORIENTE,2020-12-06,101085.773373
1293,SUR,2020-12-28,2167798.73401
1294,CENTRO-ORIENTE,2020-12-12,1656344.372342
1295,NORTE,2019-10-11,2212582.72464
1296,SUR,2021-04-26,1904349.369075
1297,SUR,2020-10-28,2559515.222528
1298,CENTRO-ORIENTE,2020-06-09,4847417.814502
1299,LIMA,2019-11-03,169036.358525
1300,NORTE,2021-06-09,1478052.357945
1301,SUR,2020-03-10,1366054.680644
1302,SUR,2019-09-06,2476481.437238
1303,LIMA,2020-12-25,16404.19442
1304,NORTE,2020-06-02,2348370.202633
1305,CENTRO-ORIENTE,2021-06-13,106277.402463
1306,NORTE,2020-12-05,2100236.77366
1307,CENTRO-ORIENTE,2020-12-09,1700375.190827
1308,LIMA,2020-06-25,4697359.397561
1309,SUR,2021-04-29,2219949.893303
1310,NORTE,2019-10-14,2212824.126029
1311,LIMA,2020-12-28,6011978.916237
1312,CENTRO-ORIENTE,2020-12-15,2140024.307873
1313,LIMA,2019-11-06,5136748.656632
1314,NORTE,2021-06-06,215548.189315
1315,NORTE,2020-12-02,2572678.738313
1316,SUR,2019-09-03,1160696.235969
1317,CENTRO-ORIENTE,2019-10-21,1304046.707195
1318,SUR,2020-03-07,1329903.80492
1319,NORTE,2021-06-03,1468057.797611
1320,CENTRO-ORIENTE,2020-06-15,2585169.989625
1321,LIMA,2019-10-28,4456482.40688
1322,NORTE,2020-04-08,1532918.92024
1323,NORTE,2019-10-05,2071436.650851
1324,SUR,2020-10-31,3417552.864919
1325,CENTRO-ORIENTE,2019-12-12,1179220.02665
1326,LIMA,2020-05-04,5162557.634114
1327,SUR,2019-09-12,1378753.750145
1328,NORTE,2019-10-08,1246356.89687
1329,CENTRO-ORIENTE,2020-06-12,2184114.834879
1330,NORTE,2021-05-31,3505718.920899
1331,SUR,2021-05-05,1522571.992572
1332,LIMA,2019-10-31,6735734.541162
1333,CENTRO-ORIENTE,2020-06-18,3221410.077936
1334,SUR,2020-11-03,1237904.606904
1335,LIMA,2020-05-01,751949.992143
1336,SUR,2019-09-09,1772554.890438
1337,NORTE,2020-04-11,938620.190437
1338,SUR,2020-05-01,547400.164239
1339,LIMA,2021-02-21,110210.064501
1340,SUR,2020-08-31,3438910.415759
1341,NORTE,2019-12-08,186635.247826
1342,SUR,2021-03-02,1420256.752857
1343,CENTRO-ORIENTE,2021-02-08,2042128.528186
1344,NORTE,2019-12-14,1954491.279904
1345,LIMA,2021-02-24,6111621.658364
1346,LIMA,2020-01-03,4111694.392401
1347,CENTRO-ORIENTE,2019-12-18,2365775.885004
1348,NORTE,2021-01-29,2884955.139156
1349,SUR,2020-01-09,1575146.750884
1350,CENTRO-ORIENTE,2021-02-05,1908953.362484
1351,SUR,2020-08-28,1919028.721877
1352,LIMA,2020-09-26,4554805.049014
1353,SUR,2021-01-26,2151453.171548
1354,CENTRO-ORIENTE,2020-09-07,2088298.873542
1355,SUR,2020-06-08,1899995.427878
1356,NORTE,2021-03-05,2348907.050249
1357,NORTE,2020-08-31,3869021.684727
1358,SUR,2019-12-05,1243055.083217
1359,CENTRO-ORIENTE,2021-03-15,1687446.087669
1360,LIMA,2021-03-31,8466765.909306
1361,LIMA,2021-04-03,2536948.388738
1362,LIMA,2020-09-23,6199859.329901
1363,CENTRO-ORIENTE,2020-09-10,2422641.458619
1364,SUR,2021-01-29,3170408.88209
1365,NORTE,2021-03-08,3202352.000025
1366,NORTE,2020-09-03,2488036.873489
1367,LIMA,2021-03-28,113094.706953
1368,CENTRO-ORIENTE,2021-03-12,1581508.327872
1369,LIMA,2020-02-01,3010035.077736
1370,SUR,2021-02-01,1589648.08141
1371,CENTRO-ORIENTE,2020-03-11,2424681.887268
1372,LIMA,2021-03-25,4148510.933138
1373,SUR,2021-02-04,2280129.940183
1374,LIMA,2020-08-02,1.066693
1375,NORTE,2020-01-09,2078614.891291
1376,SUR,2019-12-11,1428969.645028
1377,CENTRO-ORIENTE,2021-05-06,3220791.505395
1378,LIMA,2020-01-29,3664861.50559
1379,NORTE,2020-01-12,445316.624536
1380,CENTRO-ORIENTE,2020-09-16,1676431.225383
1381,NORTE,2021-03-02,1855879.502351
1382,LIMA,2020-02-04,4247714.272632
1383,CENTRO-ORIENTE,2020-03-14,3593741.96349
1384,SUR,2020-07-30,1877657.867634
1385,LIMA,2020-08-05,3558439.337258
1386,NORTE,2020-01-06,2462353.190789
1387,NORTE,2021-05-05,2611654.181933
1388,SUR,2019-10-08,821636.751392
1389,NORTE,2020-03-13,2970367.432022
1390,NORTE,2019-09-09,2528802.922723
1391,LIMA,2020-04-02,5872072.810134
1392,CENTRO-ORIENTE,2020-03-17,2561789.444938
1393,CENTRO-ORIENTE,2019-09-13,948882.282734
1394,CENTRO-ORIENTE,2021-05-09,79335.971571
1395,NORTE,2020-10-31,3793956.326982
1396,LIMA,2019-09-29,203252.755268
1397,LIMA,2021-05-25,4169837.742103
1398,LIMA,2019-10-05,4183734.522075
1399,CENTRO-ORIENTE,2019-09-19,1078198.738466
1400,SUR,2019-10-11,1541916.11269
1401,SUR,2020-12-02,1417852.017919
1402,NORTE,2020-03-10,2259089.930665
1403,SUR,2020-05-30,1471717.421363
1404,CENTRO-ORIENTE,2020-11-07,2150731.459473
1405,LIMA,2020-11-23,4347639.066431
1406,NORTE,2019-09-06,2232271.735448
1407,NORTE,2019-09-12,2116568.440323
1408,CENTRO-ORIENTE,2020-03-20,1064138.847848
1409,CENTRO-ORIENTE,2021-05-12,1555521.076521
1410,LIMA,2021-05-28,4560720.145631
1411,LIMA,2019-10-02,3295284.237745
1412,CENTRO-ORIENTE,2019-09-16,1273040.675574
1413,SUR,2021-06-03,1906766.949989
1414,SUR,2020-06-02,1230146.643332
1415,NORTE,2020-09-09,2097477.317885
1416,CENTRO-ORIENTE,2020-05-11,2936615.966346
1417,NORTE,2020-03-07,2058308.564018
1418,LIMA,2020-10-02,3959874.720341
1419,CENTRO-ORIENTE,2020-11-13,1546457.761057
1420,SUR,2020-12-05,1264435.330212
1421,LIMA,2020-03-30,4339352.880137
1422,CENTRO-ORIENTE,2021-05-15,2540528.451454
1423,NORTE,2021-04-29,3178602.078907
1424,NORTE,2020-09-06,18008.118372
1425,LIMA,2020-09-29,5912919.619265
1426,SUR,2020-06-05,1433010.110675
1427,CENTRO-ORIENTE,2020-11-16,1778295.196854
1428,NORTE,2020-03-04,2117796.348656
1429,CENTRO-ORIENTE,2020-11-10,2258417.835836
1430,LIMA,2020-03-27,3522260.769498
1431,SUR,2019-12-02,1375156.570045
1432,LIMA,2020-05-30,6196838.44194
1433,NORTE,2020-05-13,2233459.455059
1434,NORTE,2020-05-07,2986500.083704
1435,LIMA,2019-11-29,5163328.841421
1436,CENTRO-ORIENTE,2019-11-13,1113278.80617
1437,SUR,2020-10-02,1922609.227964
1438,CENTRO-ORIENTE,2020-05-17,0.2122
1439,NORTE,2019-11-06,2227663.947271
1440,LIMA,2020-06-02,5776373.534583
1441,CENTRO-ORIENTE,2020-05-14,2880058.672409
1442,SUR,2021-04-06,1338610.202965
1443,SUR,2020-03-30,1647459.510131
1444,NORTE,2020-05-10,12896.775479
1445,SUR,2020-04-02,1315949.680401
1446,SUR,2020-10-05,1647358.862436
1447,LIMA,2020-06-05,5308082.859874
1448,CENTRO-ORIENTE,2019-11-10,69844.640416
1449,CENTRO-ORIENTE,2020-05-20,3112566.98289
1450,CENTRO-ORIENTE,2021-01-10,395503.298663
1451,LIMA,2020-12-02,4436849.491169
1452,SUR,2019-10-02,1262857.707646
1453,LIMA,2020-11-26,4444392.14399
1454,NORTE,2020-11-06,2397315.571345
1455,SUR,2020-11-26,1791897.0503
1456,CENTRO-ORIENTE,2019-11-19,945443.237808
1457,LIMA,2021-05-31,7125520.484474
1458,SUR,2021-05-31,2972581.546259
1459,SUR,2019-10-05,1160289.27949
1460,CENTRO-ORIENTE,2021-01-07,1890806.467313
1461,NORTE,2019-09-15,673696.165644
1462,LIMA,2020-05-27,5794741.384348
1463,LIMA,2020-11-29,119092.211254
1464,NORTE,2020-05-04,3101712.129404
1465,SUR,2020-04-08,2270025.043235
1466,NORTE,2020-11-09,3004810.084176
1467,NORTE,2020-11-03,2563749.835104
1468,CENTRO-ORIENTE,2019-11-16,1474595.178062
1469,SUR,2021-05-28,1370201.99537
1470,LIMA,2019-10-08,2941495.263525
1471,NORTE,2021-05-08,2673403.372338
1472,NORTE,2021-01-06,3064370.405633
1473,SUR,2020-02-04,1169331.133913
1474,NORTE,2020-07-04,2148212.896796
1475,CENTRO-ORIENTE,2020-07-11,1760548.723741
1476,LIMA,2021-01-29,6787785.185189
1477,NORTE,2020-07-07,2302413.573941
1478,CENTRO-ORIENTE,2020-07-17,1986865.508309
1479,CENTRO-ORIENTE,2021-01-13,2407383.44278
1480,NORTE,2020-01-03,1173522.490732
1481,SUR,2020-08-08,1370406.704438
1482,LIMA,2020-07-27,3478820.617531
1483,CENTRO-ORIENTE,2020-01-10,1714975.238051
1484,NORTE,2021-01-09,3549754.064562
1485,LIMA,2020-07-30,4075185.154137
1486,CENTRO-ORIENTE,2021-01-16,1981133.130915
1487,LIMA,2020-03-09,4308893.055103
1488,LIMA,2020-09-11,3874895.629958
1489,CENTRO-ORIENTE,2019-11-08,1016288.294154
1490,SUR,2020-03-15,1921.094382
1491,LIMA,2021-03-10,6126203.582999
1492,SUR,2019-09-17,1269131.258739
1493,NORTE,2021-02-15,2800188.415738
1494,CENTRO-ORIENTE,2021-01-02,1043551.715681
1495,SUR,2021-05-10,1564622.165654
1496,LIMA,2021-03-04,4420601.001728
1497,SUR,2021-05-13,2667841.878157
1498,NORTE,2021-02-12,2782513.545317
1499,CENTRO-ORIENTE,2019-11-11,1269105.151522
1500,CENTRO-ORIENTE,2020-07-03,2419072.151862
1501,CENTRO-ORIENTE,2021-01-05,2586116.389478
1502,NORTE,2019-12-22,73270.842034
1503,SUR,2019-09-14,1156567.270849
1504,LIMA,2020-09-02,5899121.306824
1505,LIMA,2021-03-07,108.000454
1506,NORTE,2020-08-10,2138095.060097
1507,SUR,2020-11-05,1631219.344784
1508,NORTE,2021-02-09,2953488.084366
1509,LIMA,2020-01-14,4723107.257634
1510,NORTE,2019-09-22,76773.471787
1511,CENTRO-ORIENTE,2021-05-28,2393762.952372
1512,CENTRO-ORIENTE,2020-11-23,2104495.587149
1513,SUR,2020-12-15,1409969.129266
1514,NORTE,2020-03-20,1138532.790008
1515,CENTRO-ORIENTE,2019-10-05,944311.56994
1516,LIMA,2020-10-15,4507389.119843
1517,LIMA,2020-10-09,3505362.69955
1518,SUR,2020-12-21,1772758.296908
1519,LIMA,2021-04-16,4309312.217329
1520,NORTE,2020-09-22,1902343.680712
1521,NORTE,2020-09-16,1984026.929873
1522,SUR,2019-10-27,1088.018929
1523,CENTRO-ORIENTE,2021-05-31,2428330.539505
1524,LIMA,2020-10-12,4146032.962243
1525,CENTRO-ORIENTE,2019-10-02,987466.749592
1526,SUR,2020-06-15,1685196.589192
1527,SUR,2020-12-18,1536999.068311
1528,NORTE,2020-09-19,2558874.524374
1529,NORTE,2021-03-24,2569418.408481
1530,CENTRO-ORIENTE,2020-11-26,1947208.292397
1531,LIMA,2021-05-18,4201073.048894
1532,CENTRO-ORIENTE,2021-06-20,100036.010157
1533,LIMA,2020-03-20,2592630.044151
1534,NORTE,2021-04-16,2603177.791559
1535,CENTRO-ORIENTE,2020-10-31,3777644.303484
1536,SUR,2019-11-19,1407135.58548
1537,LIMA,2019-09-16,4125321.602571
1538,CENTRO-ORIENTE,2020-04-28,2720345.364709
1539,LIMA,2021-05-09,45132.607297
1540,CENTRO-ORIENTE,2020-05-01,361656.163365
1541,CENTRO-ORIENTE,2019-10-28,1174600.685153
1542,NORTE,2020-02-23,547516.740358
1543,LIMA,2019-09-13,4246116.136608
1544,LIMA,2020-03-17,2540789.853257
1545,SUR,2019-11-22,2041279.807916
1546,NORTE,2021-04-19,3161677.925232
1547,SUR,2019-11-16,1363735.351558
1548,CENTRO-ORIENTE,2020-04-25,3209814.24238
1549,SUR,2020-05-23,1524480.704003
1550,LIMA,2021-05-12,5006839.503806
1551,LIMA,2020-09-19,4686980.987394
1552,NORTE,2020-02-26,1907173.998542
1553,NORTE,2021-03-10,2482512.129845
1554,CENTRO-ORIENTE,2020-12-04,1338313.838501
1555,NORTE,2021-03-16,3050537.880764
1556,SUR,2019-10-10,1413897.112512
1557,NORTE,2020-01-17,2248039.841817
1558,LIMA,2020-02-03,3711241.597309
1559,LIMA,2020-02-09,117683.616398
1560,CENTRO-ORIENTE,2019-12-04,1194215.335146
1561,SUR,2020-04-13,1881589.304766
1562,NORTE,2020-01-11,1502109.737755
1563,LIMA,2020-08-10,8910658.039601
1564,SUR,2020-04-16,2281448.207274
1565,CENTRO-ORIENTE,2021-01-28,3030449.337904
1566,NORTE,2020-01-14,2083714.385008
1567,SUR,2020-04-10,75848.399356
1568,CENTRO-ORIENTE,2019-12-07,975532.204021
1569,CENTRO-ORIENTE,2020-06-10,2737337.321666
1570,LIMA,2020-02-06,4185516.756572
1571,SUR,2021-06-05,1639967.653195
1572,SUR,2020-10-13,1826130.495294
1573,NORTE,2020-07-18,1682319.312125
1574,SUR,2020-10-27,1987042.770193
1575,NORTE,2020-10-01,3006386.918667
1576,NORTE,2021-03-30,3151170.509818
1577,SUR,2020-04-27,1938336.086489
1578,LIMA,2020-03-03,3755670.674773
1579,CENTRO-ORIENTE,2020-10-08,1891044.746895
1580,LIMA,2020-02-26,3340740.337574
1581,LIMA,2020-08-30,0.9842
1582,NORTE,2020-02-03,1838133.401064
1583,LIMA,2021-04-19,5536824.234245
1584,NORTE,2020-08-07,2065731.605782
1585,CENTRO-ORIENTE,2020-04-08,1779085.992434
1586,NORTE,2021-03-27,2890929.277431
1587,LIMA,2020-02-29,4454369.204264
1588,SUR,2020-05-06,2248815.468447
1589,SUR,2020-04-30,2106333.276026
1590,NORTE,2020-02-06,2463238.447005
1591,SUR,2019-10-30,2307266.527782
1592,LIMA,2020-02-23,190173.834963
1593,SUR,2021-06-22,275291.861055
1594,NORTE,2020-01-31,3181831.827003
1595,CENTRO-ORIENTE,2020-04-11,1417299.642604
1596,CENTRO-ORIENTE,2020-04-05,73093.049146
1597,CENTRO-ORIENTE,2020-10-14,2062087.873465
1598,CENTRO-ORIENTE,2020-06-30,5085006.594502
1599,NORTE,2020-12-14,2346867.297322
1600,NORTE,2021-06-18,1891011.405793
1601,SUR,2021-03-11,9080375.834534
1602,CENTRO-ORIENTE,2021-02-17,2515302.044131
1603,LIMA,2021-01-06,6962427.633844
1604,NORTE,2019-10-23,1661291.490557
1605,NORTE,2019-10-26,1769789.911044
1606,LIMA,2019-11-15,4442942.06418
1607,NORTE,2021-06-15,2093647.955096
1608,SUR,2020-01-21,1410396.578767
1609,CENTRO-ORIENTE,2019-12-24,664154.640043
1610,NORTE,2020-12-11,1717773.90229
1611,SUR,2021-03-14,6975.52
1612,CENTRO-ORIENTE,2020-06-27,3069811.584308
1613,LIMA,2021-01-03,117248.399563
1614,SUR,2021-03-08,1765164.929552
1615,LIMA,2020-05-16,5399150.562665
1616,NORTE,2019-10-20,3408.217333
1617,LIMA,2019-11-12,4730304.945125
1618,SUR,2020-01-18,1346188.248698
1619,LIMA,2019-11-18,4379500.922339
1620,CENTRO-ORIENTE,2019-12-27,1210579.197358
1621,NORTE,2020-07-25,2128145.99297
1622,CENTRO-ORIENTE,2020-10-23,2564261.415205
1623,LIMA,2021-02-19,7084195.711931
1624,SUR,2019-10-29,1745571.471908
1625,NORTE,2019-12-06,1804676.425142
1626,SUR,2021-06-21,1562405.785715
1627,LIMA,2020-08-17,5328560.537855
1628,LIMA,2019-12-26,3769921.077289
1629,CENTRO-ORIENTE,2020-10-17,2316045.274144
1630,NORTE,2021-01-27,3425329.902906
1631,SUR,2020-05-02,1202666.091768
1632,SUR,2021-06-18,2024331.677041
1633,LIMA,2021-02-16,4724241.877263
1634,CENTRO-ORIENTE,2020-04-17,2806073.255662
1635,NORTE,2019-12-03,1454543.981147
1636,LIMA,2019-12-29,1037048.607241
1637,SUR,2020-04-29,1775289.136706
1638,CENTRO-ORIENTE,2021-04-24,2274456.521653
1639,CENTRO-ORIENTE,2020-10-20,2868309.127909
1640,SUR,2019-10-26,1179618.059776
1641,NORTE,2021-01-24,667525.007635
1642,NORTE,2019-11-30,3806436.069974
1643,CENTRO-ORIENTE,2020-04-20,2216156.848898
1644,LIMA,2020-06-26,4414622.560938
1645,LIMA,2019-12-23,3167455.487701
1646,CENTRO-ORIENTE,2020-04-26,0.129525
1647,NORTE,2021-01-21,1972981.459426
1648,SUR,2020-12-23,1540514.091126
1649,CENTRO-ORIENTE,2021-06-15,1682382.075431
1650,LIMA,2020-06-23,4724376.172269
1651,NORTE,2019-11-27,2276967.500144
1652,SUR,2019-11-01,315602.591808
1653,CENTRO-ORIENTE,2019-10-20,46080.965772
1654,CENTRO-ORIENTE,2020-04-23,2299105.838906
1655,LIMA,2019-12-20,5077429.317903
1656,SUR,2020-12-20,20387.927045
1657,CENTRO-ORIENTE,2019-10-23,1278181.48954
1658,SUR,2020-12-26,1686953.595118
1659,NORTE,2020-06-03,2313922.725674
1660,LIMA,2020-12-26,4413474.220426
1661,SUR,2020-03-02,933081.017489
1662,LIMA,2020-02-22,3369306.293642
1663,NORTE,2020-02-05,2092892.025066
1664,CENTRO-ORIENTE,2020-12-14,1722472.09461
1665,LIMA,2020-08-26,4908970.866724
1666,CENTRO-ORIENTE,2020-12-20,138064.771581
1667,SUR,2020-10-20,2056131.983112
1668,NORTE,2020-01-30,2464512.917399
1669,LIMA,2021-04-18,131174.250969
1670,CENTRO-ORIENTE,2019-10-26,985092.453029
1671,SUR,2021-04-24,1683298.099339
1672,NORTE,2021-03-23,2859990.010707
1673,CENTRO-ORIENTE,2021-06-21,1166950.818911
1674,LIMA,2020-02-25,3231001.672106
1675,SUR,2021-04-27,1824245.156083
1676,CENTRO-ORIENTE,2020-12-17,2308408.47625
1677,NORTE,2020-02-02,0.009411
1678,SUR,2020-10-23,9744109.522348
1679,LIMA,2021-04-15,4493475.179812
1680,NORTE,2020-08-03,1960143.722008
1681,SUR,2021-04-21,3641598.579056
1682,CENTRO-ORIENTE,2019-10-29,1126929.384876
1683,NORTE,2021-03-26,2844778.741384
1684,CENTRO-ORIENTE,2021-06-18,1288312.56863
1685,SUR,2020-10-26,1759165.341942
1686,NORTE,2020-01-27,3407437.199713
1687,CENTRO-ORIENTE,2020-06-17,1864286.847484
1688,SUR,2019-09-04,1365511.52216
1689,CENTRO-ORIENTE,2020-12-23,1684629.791935
1690,NORTE,2020-07-31,3410272.387756
1691,LIMA,2021-02-22,5823013.626952
1692,LIMA,2020-02-19,3654358.194338
1693,NORTE,2020-07-28,475230.009414
1694,CENTRO-ORIENTE,2020-06-23,3182818.942554
1695,SUR,2020-10-29,1992378.016533
1696,LIMA,2020-08-20,5760244.98466
1697,CENTRO-ORIENTE,2020-06-20,2495464.099204
1698,SUR,2020-04-23,3168559.547943
1699,NORTE,2021-01-30,3894514.924103
1700,CENTRO-ORIENTE,2019-12-23,922431.600451
1701,LIMA,2020-10-23,5139452.060976
1702,NORTE,2020-03-28,1327305.562032
1703,CENTRO-ORIENTE,2020-06-26,2089729.422957
1704,NORTE,2020-09-30,4508311.72321
1705,CENTRO-ORIENTE,2021-02-13,1964205.745862
1706,SUR,2020-08-26,3136024.505326
1707,SUR,2021-02-28,265000.865305
1708,CENTRO-ORIENTE,2019-12-20,607174.405035
1709,CENTRO-ORIENTE,2019-12-26,1089071.467063
1710,NORTE,2019-09-27,2938225.169768
1711,LIMA,2020-04-20,5439196.940958
1712,NORTE,2020-10-03,2000985.657025
1713,LIMA,2021-06-15,5039996.128833
1714,NORTE,2020-03-31,2342317.219634
1715,NORTE,2021-05-23,443476.182046
1716,LIMA,2019-10-20,1948184.647896
1717,LIMA,2020-10-26,5521358.872386
1718,SUR,2021-02-25,2931001.652007
1719,LIMA,2020-04-23,5704458.80027
1720,CENTRO-ORIENTE,2020-08-17,2750944.222648
1721,LIMA,2020-10-17,4182700.793837
1722,LIMA,2021-04-21,5214968.070553
1723,SUR,2020-08-29,1493571.347434
1724,SUR,2020-02-25,1879623.038445
1725,CENTRO-ORIENTE,2021-02-19,2396602.838503
1726,NORTE,2020-09-24,2649894.739355
1727,NORTE,2021-03-29,3763056.649349
1728,LIMA,2020-10-20,4468218.90246
1729,CENTRO-ORIENTE,2021-02-22,2703942.196227
1730,SUR,2020-02-28,1980556.320459
1731,CENTRO-ORIENTE,2021-02-16,2089322.130159
1732,NORTE,2020-09-27,172204.522263
1733,SUR,2020-02-22,1216077.171072
1734,LIMA,2021-04-24,4852879.10137
1735,NORTE,2021-04-01,719306.202028
1736,LIMA,2020-02-28,4941619.020176
1737,SUR,2020-06-29,2047891.438607
1738,LIMA,2020-06-20,4137777.057425
1739,SUR,2019-12-26,1739240.029336
1740,NORTE,2021-06-01,1819667.239079
1741,NORTE,2020-05-25,2354789.261959
1742,CENTRO-ORIENTE,2020-02-19,1941931.432158
1743,NORTE,2020-11-27,2622856.83287
1744,SUR,2020-12-29,1876251.21515
1745,LIMA,2020-12-23,5159884.479614
1746,SUR,2020-06-26,1779452.188697
1747,SUR,2019-12-23,1225850.526415
1748,LIMA,2019-10-29,5638884.539225
1749,CENTRO-ORIENTE,2020-02-22,1991669.93363
1750,NORTE,2020-11-30,4384485.171289
1751,NORTE,2019-10-06,2160.090224
1752,CENTRO-ORIENTE,2020-02-16,61817.167971
1753,CENTRO-ORIENTE,2020-08-20,2345882.165796
1754,SUR,2020-06-23,1610811.977732
1755,LIMA,2020-12-20,250448.085784
1756,CENTRO-ORIENTE,2021-03-29,2199621.344403
1757,SUR,2020-06-12,2116520.226997
1758,LIMA,2020-04-06,3701866.645957
1759,LIMA,2021-05-29,3849933.234273
1760,NORTE,2020-11-04,2214670.832848
1761,NORTE,2019-09-13,2007777.071575
1762,CENTRO-ORIENTE,2020-02-05,2493592.24543
1763,LIMA,2019-10-03,3305707.05816
1764,SUR,2019-12-09,1221974.565273
1765,NORTE,2021-05-09,352528.763196
1766,CENTRO-ORIENTE,2020-02-08,1591081.135906
1767,LIMA,2020-04-09,19861.119631
1768,NORTE,2020-03-17,2288442.75922
1769,NORTE,2020-03-14,1962315.961565
1770,LIMA,2020-11-27,5022486.845153
1771,NORTE,2019-09-10,2226235.898782
1772,CENTRO-ORIENTE,2021-03-26,3306022.365457
1773,LIMA,2021-06-01,3522615.590329
1774,CENTRO-ORIENTE,2020-02-02,81086.777331
1775,LIMA,2021-05-26,6217025.399561
1776,SUR,2019-12-12,1349657.515546
1777,NORTE,2021-05-06,2344674.723786
1778,SUR,2019-12-06,1169839.770518
1779,LIMA,2019-10-06,173228.424669
1780,LIMA,2021-02-15,5675288.56734
1781,CENTRO-ORIENTE,2020-12-16,1417289.774551
1782,CENTRO-ORIENTE,2020-12-10,1990006.428712
1783,LIMA,2020-08-13,9023407.846716
1784,SUR,2020-10-16,1557455.18222
1785,LIMA,2019-12-25,11212.072039
1786,CENTRO-ORIENTE,2020-06-13,1516609.465659
1787,SUR,2021-04-20,1839053.375163
1788,CENTRO-ORIENTE,2019-10-22,1081901.592013
1789,NORTE,2021-01-23,3229898.761684
1790,NORTE,2020-07-21,2027998.245823
1791,LIMA,2021-02-12,5236344.722899
1792,CENTRO-ORIENTE,2021-06-17,1555967.100049
1793,CENTRO-ORIENTE,2020-12-13,775893.660635
1794,LIMA,2021-02-18,5292970.49281
1795,SUR,2020-10-19,1758305.596658
1796,CENTRO-ORIENTE,2019-10-25,1211645.915916
1797,NORTE,2021-01-20,2581363.399561
1798,SUR,2021-04-23,2027239.222853
1799,NORTE,2021-01-26,2749982.656301
1800,NORTE,2019-12-11,1786415.283235
1801,SUR,2021-03-05,2066416.141931
1802,LIMA,2019-12-31,3664989.130623
1803,LIMA,2020-01-06,5054863.268364
1804,CENTRO-ORIENTE,2019-12-21,829787.287333
1805,NORTE,2021-02-01,1854643.474854
1806,LIMA,2020-12-31,6115697.215088
1807,NORTE,2020-06-05,2204942.872969
1808,NORTE,2020-06-11,2578145.222287
1809,SUR,2020-03-04,1316848.876706
1810,CENTRO-ORIENTE,2020-08-09,48756.918199
1811,LIMA,2020-07-04,4018599.452029
1812,LIMA,2019-12-28,4603799.721941
1813,NORTE,2020-06-08,2839344.659271
1814,CENTRO-ORIENTE,2020-08-12,2130607.280006
1815,NORTE,2019-12-05,1553251.368783
1816,LIMA,2020-07-01,5232188.66029
1817,SUR,2020-09-03,1790330.096587
1818,CENTRO-ORIENTE,2021-02-14,268336.159399
1819,CENTRO-ORIENTE,2021-02-11,1720836.353935
1820,NORTE,2020-12-08,2181410.025284
1821,NORTE,2019-10-29,2166644.870305
1822,SUR,2019-11-30,3134648.338425
1823,LIMA,2019-11-24,147393.160238
1824,NORTE,2020-10-29,2886354.304827
1825,SUR,2020-07-22,1934550.832951
1826,LIMA,2020-11-21,4161256.754345
1827,CENTRO-ORIENTE,2020-09-24,1947888.601438
1828,CENTRO-ORIENTE,2020-09-21,2668660.509613
1829,LIMA,2020-05-19,5199227.270578
1830,LIMA,2020-11-24,4130915.328669
1831,CENTRO-ORIENTE,2020-03-19,1469747.394253
1832,NORTE,2021-06-21,1846399.853168
1833,SUR,2020-07-25,1395628.001244
1834,CENTRO-ORIENTE,2020-09-18,1780853.622287
1835,NORTE,2020-04-29,5599529.510821
1836,SUR,2021-01-27,2647895.1085
1837,SUR,2020-01-24,1749537.604712
1838,LIMA,2020-05-22,5076043.995655
1839,SUR,2020-07-28,822980.238451
1840,NORTE,2020-11-01,8284.308719
1841,NORTE,2020-07-10,1943900.638876
1842,CENTRO-ORIENTE,2020-07-14,1425625.814425
1843,LIMA,2021-02-01,6383784.508588
1844,LIMA,2020-01-26,139557.758476
1845,SUR,2020-08-05,1868797.640384
1846,SUR,2020-02-01,709877.58391
1847,LIMA,2021-01-23,6340891.7705
1848,SUR,2020-09-29,1967964.76894
1849,SUR,2021-04-03,1099519.667394
1850,NORTE,2020-12-31,1990955.305033
1851,CENTRO-ORIENTE,2020-01-13,2065588.244044
1852,CENTRO-ORIENTE,2020-01-19,88045.003774
1853,LIMA,2019-12-05,4544242.731359
1854,SUR,2021-03-31,4013614.155814
1855,NORTE,2019-11-09,2405260.719211
1856,CENTRO-ORIENTE,2021-03-09,1911329.398533
1857,CENTRO-ORIENTE,2020-01-16,1438213.529438
1858,LIMA,2021-01-26,7993984.474547
1859,SUR,2020-02-07,1504513.377705
1860,LIMA,2019-12-02,4527087.969698
1861,NORTE,2019-11-12,2212187.88903
1862,CENTRO-ORIENTE,2020-08-26,1969447.208489
1863,NORTE,2020-05-28,2259797.055448
1864,NORTE,2021-05-26,2191735.670115
1865,LIMA,2019-10-26,4702387.2453
1866,LIMA,2021-06-18,5099333.360472
1867,NORTE,2019-10-03,1845061.545069
1868,LIMA,2020-12-17,4656465.962169
1869,CENTRO-ORIENTE,2021-04-21,1811585.650761
1870,LIMA,2020-04-26,8.103567
1871,CENTRO-ORIENTE,2020-02-25,2579042.065506
1872,SUR,2020-07-02,1666992.553662
1873,SUR,2021-02-22,1772480.315163
1874,NORTE,2021-05-29,2490360.362741
1875,SUR,2021-02-19,1790050.351659
1876,CENTRO-ORIENTE,2021-04-15,2465759.296377
1877,LIMA,2021-06-21,4465201.058321
1878,NORTE,2020-11-24,2361613.629821
1879,LIMA,2019-10-23,4851703.895466
1880,SUR,2019-12-29,266811.069672
1881,NORTE,2019-09-30,4508879.365384
1882,LIMA,2020-04-29,4957355.865692
1883,CENTRO-ORIENTE,2021-04-18,97613.861941
1884,NORTE,2020-04-03,1221748.261068
1885,CENTRO-ORIENTE,2021-03-18,1709000.253003
1886,LIMA,2020-08-11,8479192.316196
1887,NORTE,2020-01-15,2077178.006556
1888,CENTRO-ORIENTE,2020-07-29,1510557.053108
1889,SUR,2020-12-17,1499255.500029
1890,LIMA,2020-02-07,4367329.622267
1891,NORTE,2021-03-11,2243890.676479
1892,SUR,2019-10-23,1992196.663731
1893,NORTE,2020-07-19,0.153822
1894,NORTE,2020-07-22,1916965.668662
1895,CENTRO-ORIENTE,2020-07-26,122988.853207
1896,NORTE,2020-01-18,2803467.314902
1897,CENTRO-ORIENTE,2020-01-22,2509974.67955
1898,SUR,2020-12-14,1999136.025011
1899,LIMA,2020-08-14,6335796.526895
1900,LIMA,2020-02-10,3690699.692715
1901,CENTRO-ORIENTE,2020-01-25,1792626.922763
1902,SUR,2020-06-11,1746167.159124
1903,CENTRO-ORIENTE,2020-09-19,2068813.522112
1904,CENTRO-ORIENTE,2020-01-28,2343837.559922
1905,NORTE,2020-07-13,2172194.018337
1906,NORTE,2021-01-15,2838263.626646
1907,SUR,2020-06-20,1316592.347694
1908,LIMA,2021-02-10,5121064.606411
1909,CENTRO-ORIENTE,2021-03-21,183062.353691
1910,SUR,2019-12-17,1794062.375907
1911,LIMA,2020-08-08,4619619.01394
1912,CENTRO-ORIENTE,2021-03-24,2508984.490364
1913,CENTRO-ORIENTE,2020-01-31,2488016.300967
1914,NORTE,2021-01-18,3197476.799231
1915,SUR,2019-12-14,991773.242181
1916,SUR,2020-06-17,2517680.756305
1917,LIMA,2021-02-13,5330193.304982
1918,LIMA,2021-02-07,73948.540313
1919,NORTE,2020-07-16,2527083.008117
1920,SUR,2020-04-17,3272211.102515
1921,LIMA,2020-04-08,3958566.153426
1922,CENTRO-ORIENTE,2020-09-28,1815669.804177
1923,LIMA,2020-10-11,90786.746326
1924,CENTRO-ORIENTE,2020-09-22,2582212.633686
1925,NORTE,2020-03-16,1988097.221901
1926,LIMA,2020-10-08,5540584.610669
1927,NORTE,2020-09-18,2057834.666488
1928,CENTRO-ORIENTE,2021-03-27,2610568.594944
1929,LIMA,2021-04-12,6122717.356464
1930,SUR,2020-04-14,2223293.173707
1931,CENTRO-ORIENTE,2020-03-23,1297780.410799
1932,CENTRO-ORIENTE,2020-09-25,1649048.745093
1933,SUR,2020-10-17,1159995.167717
1934,NORTE,2020-09-15,2309017.854483
1935,SUR,2021-06-09,1812038.286534
1936,SUR,2019-10-14,1313624.584974
1937,NORTE,2021-03-20,2451393.531487
1938,CENTRO-ORIENTE,2020-03-26,1281302.892511
1939,LIMA,2021-04-06,6512149.534515
1940,SUR,2021-06-15,2078448.076448
1941,NORTE,2020-01-21,1736840.042554
1942,SUR,2020-12-11,1577970.439868
1943,LIMA,2020-02-13,3477032.490185
1944,CENTRO-ORIENTE,2019-09-25,1572229.507392
1945,SUR,2019-10-17,1299525.550176
1946,CENTRO-ORIENTE,2020-03-29,60884.986132
1947,NORTE,2021-03-17,2146690.406134
1948,SUR,2020-12-08,1055002.440973
1949,NORTE,2020-09-12,2314123.237098
1950,SUR,2020-04-20,2386787.815646
1951,SUR,2021-06-12,1400091.433506
1952,CENTRO-ORIENTE,2021-05-21,2708410.355769
1953,LIMA,2020-10-05,4290652.943073
1954,NORTE,2020-01-24,2847938.517164
1955,CENTRO-ORIENTE,2021-05-18,2307056.011188
1956,LIMA,2020-02-16,265037.896254
1957,LIMA,2021-04-09,5447014.658214
1958,NORTE,2021-03-14,2072.141966
1959,CENTRO-ORIENTE,2019-09-22,297596.420833
1960,CENTRO-ORIENTE,2020-04-01,1155233.175755
1961,CENTRO-ORIENTE,2020-11-19,1619751.264518
1962,LIMA,2020-12-08,5582088.721784
1963,NORTE,2020-11-15,111365.781174
1964,LIMA,2021-06-12,6342538.902975
1965,CENTRO-ORIENTE,2021-05-24,1666664.951877
1966,SUR,2020-02-19,1727836.650407
1967,CENTRO-ORIENTE,2019-10-01,702824.438373
1968,NORTE,2021-05-17,2998976.444454
1969,LIMA,2019-10-17,5132679.206813
1970,SUR,2020-08-20,2262085.201275
1971,SUR,2021-04-12,1903162.707697
1972,CENTRO-ORIENTE,2021-05-27,1822124.336909
1973,NORTE,2019-09-21,1860637.192307
1974,LIMA,2020-12-05,5213621.992398
1975,CENTRO-ORIENTE,2020-11-22,100300.213518
1976,LIMA,2021-06-09,5347337.890968
1977,NORTE,2020-11-12,2673975.900769
1978,CENTRO-ORIENTE,2019-09-28,962648.733281
1979,NORTE,2021-05-20,3775543.011831
1980,LIMA,2019-10-14,4137886.663146
1981,SUR,2021-04-09,1903689.610768
1982,NORTE,2019-09-24,2104530.437824
1983,NORTE,2019-09-18,1683470.224071
1984,LIMA,2020-04-14,4650731.399635
1985,SUR,2020-04-11,1800390.460302
1986,CENTRO-ORIENTE,2019-11-22,814344.143301
1987,LIMA,2021-06-06,101071.620467
1988,SUR,2020-10-08,1883751.274927
1989,SUR,2020-10-14,2071608.436961
1990,CENTRO-ORIENTE,2020-11-25,2838001.343863
1991,NORTE,2021-05-11,2729960.945688
1992,LIMA,2019-10-11,4136496.838349
1993,CENTRO-ORIENTE,2020-05-23,2237469.642135
1994,NORTE,2020-03-25,695142.850809
1995,LIMA,2020-04-11,4731457.432606
1996,LIMA,2020-10-14,4224351.902957
1997,NORTE,2020-03-19,1805678.107337
1998,NORTE,2020-09-21,2442900.413056
1999,LIMA,2021-06-03,6005679.143388
2000,CENTRO-ORIENTE,2020-05-26,4475533.175531
2001,NORTE,2021-05-14,2116688.439987
2002,CENTRO-ORIENTE,2020-11-28,1419356.074488
2003,SUR,2021-04-15,2368855.066657
2004,LIMA,2020-04-17,6138833.875677
2005,LIMA,2019-12-17,4419192.361645
2006,SUR,2019-12-20,1610278.681461
2007,LIMA,2019-12-11,5828642.711299
2008,NORTE,2021-01-12,2802708.868596
2009,CENTRO-ORIENTE,2019-11-28,1220597.185187
2010,LIMA,2021-02-04,6911651.563775
2011,NORTE,2019-11-21,2159012.326783
2012,CENTRO-ORIENTE,2020-05-29,2376245.724136
2013,SUR,2021-02-10,2132687.847545
2014,CENTRO-ORIENTE,2021-01-19,2570303.261705
2015,CENTRO-ORIENTE,2019-11-25,1457211.992351
2016,LIMA,2019-12-14,4458525.759663
2017,NORTE,2019-11-18,2266541.018378
2018,NORTE,2019-11-24,339204.260596
2019,SUR,2021-02-13,1781104.902398
2020,LIMA,2020-05-26,4876251.867411
2021,SUR,2020-02-06,1344416.366924
2022,CENTRO-ORIENTE,2020-05-07,2582468.137593
2023,CENTRO-ORIENTE,2020-11-09,1661480.521272
2024,LIMA,2020-11-28,6723180.900189
2025,NORTE,2020-04-30,2029177.337302
2026,SUR,2021-03-27,1512987.493193
2027,LIMA,2020-11-22,183214.618463
2028,NORTE,2019-09-11,1720899.069667
2029,NORTE,2020-11-02,3162569.43901
2030,SUR,2021-04-02,227800.971573
2031,CENTRO-ORIENTE,2020-11-12,2086414.764479
2032,LIMA,2020-05-23,4825682.289922
2033,LIMA,2020-11-25,5624509.277315
2034,SUR,2021-03-30,2688874.083425
2035,NORTE,2020-11-05,2836416.558167
2036,NORTE,2020-10-30,2786373.55218
2037,LIMA,2019-10-04,4856241.361961
2038,SUR,2020-09-25,1550284.182174
2039,CENTRO-ORIENTE,2019-09-18,1244847.571687
2040,CENTRO-ORIENTE,2020-05-13,2776821.309813
2041,NORTE,2020-10-27,2896079.073897
2042,NORTE,2021-05-01,15152.043377
2043,NORTE,2020-03-09,2226133.038567
2044,LIMA,2020-11-19,4350828.366381
2045,NORTE,2019-09-05,2038122.604921
2046,LIMA,2019-09-25,5158730.488345
2047,LIMA,2021-05-27,4159117.738527
2048,LIMA,2019-10-01,2413074.190795
2049,CENTRO-ORIENTE,2019-11-09,992314.955145
2050,SUR,2020-09-28,1956678.154846
2051,NORTE,2021-05-04,2221666.873628
2052,LIMA,2021-05-21,4792535.437226
2053,NORTE,2019-09-02,1506334.402026
2054,LIMA,2020-04-01,3221165.389687
2055,LIMA,2019-09-28,3551705.655281
2056,NORTE,2021-04-28,3395105.568477
2057,CENTRO-ORIENTE,2019-11-12,1214211.136296
2058,CENTRO-ORIENTE,2020-05-16,3321860.490186
2059,LIMA,2021-05-24,5333050.657432
2060,SUR,2020-10-01,1207983.780348
2061,CENTRO-ORIENTE,2021-01-06,2051797.880892
2062,LIMA,2021-01-25,7075392.49672
2063,SUR,2021-01-28,2164547.392911
2064,NORTE,2021-01-02,291878.20891
2065,LIMA,2021-01-19,7085256.746236
2066,CENTRO-ORIENTE,2019-11-15,995849.868377
2067,NORTE,2020-12-27,118873.602323
2068,SUR,2020-07-29,1560676.637856
2069,LIMA,2019-12-01,204573.508114
2070,LIMA,2021-01-22,9234917.083645
2071,NORTE,2019-11-08,2695781.190016
2072,CENTRO-ORIENTE,2021-01-03,66600.837533
2073,CENTRO-ORIENTE,2021-01-09,1913611.790593
2074,NORTE,2020-12-30,4658783.312146
2075,LIMA,2019-12-04,3826762.450489
2076,NORTE,2019-11-05,2524821.441838
2077,LIMA,2020-06-01,4501689.444729
2078,CENTRO-ORIENTE,2020-01-09,2184533.101128
2079,NORTE,2020-05-09,2616725.739793
2080,CENTRO-ORIENTE,2020-07-13,1973672.514081
2081,SUR,2020-01-31,2739570.51902
2082,SUR,2020-08-04,1703528.956232
2083,CENTRO-ORIENTE,2020-07-07,1896214.790968
2084,LIMA,2019-11-25,4311778.578738
2085,SUR,2020-02-03,1129325.874394
2086,LIMA,2020-05-29,4937224.933957
2087,NORTE,2019-11-02,1141302.591671
2088,NORTE,2020-05-06,3070816.289142
2089,SUR,2020-08-01,1061631.903369
2090,SUR,2021-03-24,2297340.167483
2091,CENTRO-ORIENTE,2020-01-06,2403305.118869
2092,LIMA,2019-11-28,4648182.516544
2093,CENTRO-ORIENTE,2021-01-12,2365254.658161
2094,SUR,2020-01-28,1713079.924491
2095,CENTRO-ORIENTE,2020-07-10,2803972.350007
2096,CENTRO-ORIENTE,2020-01-15,1676645.437507
2097,SUR,2020-06-04,1317841.354118
2098,LIMA,2020-01-28,3679792.302931
2099,NORTE,2021-03-01,2076065.682433
2100,SUR,2020-05-29,2106693.070878
2101,CENTRO-ORIENTE,2021-03-05,1443548.665651
2102,NORTE,2020-07-09,2042191.451575
2103,LIMA,2021-03-21,106887.253262
2104,SUR,2020-06-01,1212126.002016
2105,LIMA,2020-01-31,4759728.230707
2106,SUR,2019-11-28,1525093.676322
2107,CENTRO-ORIENTE,2020-01-12,122265.791076
2108,NORTE,2021-02-26,2918603.324358
2109,LIMA,2021-03-24,7523257.41822
2110,NORTE,2020-01-08,2205941.851938
2111,LIMA,2020-08-01,4339819.356074
2112,CENTRO-ORIENTE,2021-03-08,2267568.330132
2113,CENTRO-ORIENTE,2020-09-09,1486952.7923
2114,NORTE,2020-06-30,2793889.203866
2115,SUR,2021-01-22,2296420.811855
2116,LIMA,2020-07-29,3976731.064618
2117,LIMA,2020-01-25,4246518.712606
2118,LIMA,2020-07-23,3824992.353645
2119,NORTE,2019-12-30,2227724.083275
2120,SUR,2019-12-07,1260559.489503
2121,CENTRO-ORIENTE,2021-03-11,2029738.571894
2122,SUR,2021-01-25,1848239.36008
2123,NORTE,2020-07-03,2455504.127153
2124,CENTRO-ORIENTE,2020-09-06,81693.110139
2125,LIMA,2021-01-28,8656084.731354
2126,NORTE,2021-01-05,2835614.001827
2127,CENTRO-ORIENTE,2020-09-03,2734557.111021
2128,NORTE,2020-07-06,2584692.835771
2129,LIMA,2020-07-26,10900.476555
2130,SUR,2019-12-04,1273921.170613
2131,NORTE,2020-01-02,637611.632421
2132,LIMA,2020-09-28,3915597.122794
2133,NORTE,2020-03-03,2064045.967572
2134,SUR,2019-10-04,1337902.43029
2135,CENTRO-ORIENTE,2020-03-07,3318934.493929
2136,LIMA,2020-03-26,3030906.434731
2137,CENTRO-ORIENTE,2019-09-09,1310726.904035
2138,CENTRO-ORIENTE,2020-03-13,3013004.360706
2139,SUR,2020-04-01,1411956.315037
2140,SUR,2021-05-27,2524531.520251
2141,SUR,2021-05-24,2001645.326153
2142,CENTRO-ORIENTE,2020-09-12,2065624.940035
2143,NORTE,2020-03-06,2095809.538043
2144,NORTE,2020-02-29,3143346.898326
2145,CENTRO-ORIENTE,2020-03-10,4843324.530285
2146,SUR,2019-10-01,1004553.916647
2147,LIMA,2020-03-23,2571106.58243
2148,LIMA,2020-03-29,121562.03235
2149,SUR,2020-04-04,1712021.886979
2150,SUR,2019-09-28,1513487.131961
2151,NORTE,2020-09-05,2361775.960051
2152,CENTRO-ORIENTE,2021-05-05,1570802.591512
2153,CENTRO-ORIENTE,2020-11-06,2365997.570141
2154,NORTE,2020-08-27,2409475.23991
2155,SUR,2020-11-28,1653834.981554
2156,LIMA,2020-03-18,2102643.494363
2157,NORTE,2020-03-01,384.0
2158,SUR,2020-07-24,1932109.130919
2159,LIMA,2020-03-24,3340789.663767
2160,CENTRO-ORIENTE,2021-01-11,2089657.817478
2161,NORTE,2020-02-27,1696804.896549
2162,LIMA,2021-05-13,4555983.349321
2163,SUR,2020-07-21,2261607.243046
2164,SUR,2021-01-23,1668317.39231
2165,LIMA,2020-03-21,1766761.163208
2166,CENTRO-ORIENTE,2019-11-23,1003931.378526
2167,LIMA,2019-09-17,3821652.261875
2168,NORTE,2021-04-20,2579510.283782
2169,CENTRO-ORIENTE,2021-01-14,1862402.76763
2170,CENTRO-ORIENTE,2019-11-20,1071704.892833
2171,SUR,2020-01-20,2284463.643429
2172,NORTE,2020-02-24,2444062.478953
2173,NORTE,2021-02-27,4866207.503372
2174,SUR,2021-03-19,1966158.63248
2175,LIMA,2020-09-14,4875760.976331
2176,CENTRO-ORIENTE,2021-01-17,139376.880592
2177,SUR,2020-01-23,1483190.669285
2178,NORTE,2020-08-25,2889660.300116
2179,SUR,2020-07-27,1595723.360708
2180,LIMA,2021-03-19,5134307.728595
2181,LIMA,2020-09-20,82405.725017
2182,SUR,2020-01-29,1688276.087575
2183,CENTRO-ORIENTE,2020-07-15,1762259.473216
2184,NORTE,2020-02-21,1532078.767841
2185,CENTRO-ORIENTE,2020-01-14,2915115.787501
2186,LIMA,2020-03-15,397292.79367
2187,NORTE,2020-08-22,1930557.895668
2188,SUR,2021-03-16,1579648.048494
2189,NORTE,2020-08-28,2710226.860658
2190,LIMA,2021-03-22,5188699.882359
2191,CENTRO-ORIENTE,2020-07-12,182307.052801
2192,CENTRO-ORIENTE,2020-07-18,1480238.374942
2193,CENTRO-ORIENTE,2021-01-20,2660780.501736
2194,LIMA,2020-09-17,4150633.851121
2195,SUR,2019-11-23,1417860.556646
2196,LIMA,2020-11-17,5542011.662827
2197,CENTRO-ORIENTE,2020-07-21,2340818.289309
2198,NORTE,2020-04-22,2412995.911011
2199,SUR,2020-05-27,2330724.425975
2200,NORTE,2020-04-28,1895601.148615
2201,CENTRO-ORIENTE,2020-01-17,1554840.046391
2202,LIMA,2020-05-15,5099181.681271
2203,SUR,2021-01-14,2355476.986094
2204,LIMA,2020-05-21,5817390.905777
2205,CENTRO-ORIENTE,2021-03-13,1713654.051043
2206,NORTE,2020-10-25,4536.194034
2207,NORTE,2020-10-28,2706592.279464
2208,NORTE,2021-06-17,2338428.083353
2209,NORTE,2020-04-25,2107664.784897
2210,LIMA,2020-11-20,4737281.194488
2211,SUR,2019-11-20,2189041.323782
2212,CENTRO-ORIENTE,2020-01-20,1889092.103684
2213,LIMA,2020-05-18,4728784.273686
2214,LIMA,2021-05-22,3970501.863976
2215,CENTRO-ORIENTE,2021-03-16,2655606.971065
2216,LIMA,2020-11-11,5750079.767646
2217,CENTRO-ORIENTE,2020-09-11,2129634.840132
2218,SUR,2019-11-29,2145586.52582
2219,SUR,2021-01-20,2129803.690624
2220,CENTRO-ORIENTE,2020-01-23,1870895.670612
2221,LIMA,2019-09-20,4540079.007247
2222,SUR,2020-07-18,1284691.438421
2223,NORTE,2019-09-03,1562943.79763
2224,NORTE,2021-04-23,2089404.783299
2225,LIMA,2019-09-23,3854062.806453
2226,NORTE,2020-10-19,3120991.622794
2227,LIMA,2021-05-19,5367004.64133
2228,CENTRO-ORIENTE,2021-03-19,1966106.717305
2229,LIMA,2020-11-14,6096700.281367
2230,SUR,2019-11-26,1507687.956192
2231,CENTRO-ORIENTE,2020-09-14,1795557.068545
2232,LIMA,2019-09-26,3690708.104087
2233,NORTE,2021-04-26,3808369.555107
2234,LIMA,2021-05-16,132709.657591
2235,NORTE,2020-10-22,4350175.129349
2236,NORTE,2019-11-03,140992.121289
2237,LIMA,2020-07-15,4840235.432531
2238,SUR,2021-05-19,1783783.071091
2239,SUR,2020-03-27,898299.515769
2240,LIMA,2021-01-17,98821.293819
2241,CENTRO-ORIENTE,2020-09-17,1938953.876215
2242,SUR,2019-09-23,2083916.383714
2243,NORTE,2020-06-22,2052386.884146
2244,CENTRO-ORIENTE,2020-03-15,156807.138387
2245,SUR,2019-09-29,2880.0
2246,SUR,2021-05-22,1283572.772914
2247,LIMA,2021-01-20,7250531.469733
2248,LIMA,2021-01-14,8882889.716618
2249,SUR,2019-09-26,1702403.700249
2250,CENTRO-ORIENTE,2020-09-20,14550.640771
2251,NORTE,2020-12-28,2630202.005061
2252,NORTE,2020-12-22,2304086.58254
2253,CENTRO-ORIENTE,2020-03-18,1954044.999757
2254,LIMA,2019-11-26,5145966.032669
2255,SUR,2020-11-17,1796493.11355
2256,CENTRO-ORIENTE,2019-09-20,1032384.375056
2257,SUR,2021-05-25,1603386.527841
2258,NORTE,2021-06-20,86364.228896
2259,CENTRO-ORIENTE,2020-03-24,1362223.859091
2260,LIMA,2020-05-24,1.17245
2261,CENTRO-ORIENTE,2020-11-11,2087924.837951
2262,NORTE,2019-10-28,2195153.854251
2263,CENTRO-ORIENTE,2021-05-13,2008352.66211
2264,SUR,2020-05-18,2679316.71035
2265,NORTE,2020-12-19,2126528.26205
2266,CENTRO-ORIENTE,2020-03-21,919775.21472
2267,LIMA,2019-11-17,132575.77213
2268,SUR,2020-11-20,1668038.238247
2269,CENTRO-ORIENTE,2019-09-17,1180852.988979
2270,LIMA,2019-11-23,3877082.249643
2271,NORTE,2019-10-31,5002104.116112
2272,NORTE,2019-10-25,1673375.775067
2273,LIMA,2021-01-11,6356876.605035
2274,CENTRO-ORIENTE,2021-05-16,183044.8273
2275,NORTE,2020-05-01,655245.427188
2276,SUR,2020-05-21,1591306.001115
2277,CENTRO-ORIENTE,2021-05-10,2445450.779864
2278,SUR,2020-11-23,1874025.164565
2279,LIMA,2019-11-20,4538398.087999
2280,CENTRO-ORIENTE,2020-05-15,1960839.224548
2281,CENTRO-ORIENTE,2020-11-17,1444066.347902
2282,LIMA,2021-03-16,4642312.369606
2283,NORTE,2021-02-21,201643.262248
2284,SUR,2021-03-25,2120130.424725
2285,LIMA,2020-01-23,5636261.124345
2286,CENTRO-ORIENTE,2019-09-23,1042255.309048
2287,LIMA,2021-03-13,5208181.316657
2288,NORTE,2021-02-18,3293134.791706
2289,CENTRO-ORIENTE,2020-11-14,1227562.69786
2290,CENTRO-ORIENTE,2021-05-19,2227273.310546
2291,NORTE,2020-06-09,3028611.649081
2292,SUR,2019-09-13,1653106.589748
2293,LIMA,2021-01-04,5185848.616407
2294,LIMA,2020-07-02,5437153.404604
2295,CENTRO-ORIENTE,2020-03-05,2135159.544166
2296,LIMA,2020-07-05,144497.999502
2297,SUR,2020-11-04,1725949.251746
2298,LIMA,2020-01-01,34684.537434
2299,CENTRO-ORIENTE,2021-04-27,2470944.534734
2300,CENTRO-ORIENTE,2020-03-02,1323871.316764
2301,NORTE,2020-06-12,2466795.123467
2302,CENTRO-ORIENTE,2020-03-08,0.046154
2303,NORTE,2019-12-09,2247401.780261
2304,SUR,2020-11-07,1285741.75614
2305,SUR,2020-11-01,127735.370621
2306,NORTE,2020-12-12,2235032.989297
2307,CENTRO-ORIENTE,2021-05-03,1193146.549173
2308,SUR,2020-05-08,1626865.545038
2309,NORTE,2019-10-15,2419984.621765
2310,LIMA,2020-12-29,7407990.044687
2311,CENTRO-ORIENTE,2020-10-29,1991485.794036
2312,SUR,2019-11-04,1137704.16185
2313,LIMA,2019-11-07,4769668.464627
2314,CENTRO-ORIENTE,2019-09-07,985879.261665
2315,NORTE,2020-12-03,1732266.9793
2316,NORTE,2021-06-13,149214.588743
2317,SUR,2020-11-10,1457000.402601
2318,NORTE,2020-12-09,2111242.33141
2319,CENTRO-ORIENTE,2020-10-26,2547725.664745
2320,NORTE,2020-06-06,2702412.794789
2321,SUR,2020-05-11,2374324.205857
2322,LIMA,2020-06-29,3463322.500555
2323,NORTE,2019-10-18,2132703.413591
2324,SUR,2019-11-07,1436346.132774
2325,LIMA,2019-11-10,153505.21265
2326,NORTE,2021-06-10,2343972.769415
2327,CENTRO-ORIENTE,2019-09-04,1593261.77548
2328,CENTRO-ORIENTE,2019-09-10,1667587.724887
2329,NORTE,2020-12-06,86688.554285
2330,SUR,2020-05-05,1439399.300581
2331,CENTRO-ORIENTE,2021-04-30,3956272.9761
2332,LIMA,2020-09-01,4759366.165954
2333,SUR,2020-09-10,2092593.036799
2334,CENTRO-ORIENTE,2020-11-04,2039528.793234
2335,NORTE,2020-08-09,0.046024
2336,SUR,2020-09-04,1685762.059818
2337,LIMA,2021-03-06,4909608.374538
2338,NORTE,2020-08-06,1687554.108029
2339,SUR,2020-03-08,16408.143664
2340,CENTRO-ORIENTE,2020-05-05,3553539.666036
2341,NORTE,2021-02-08,3580316.542952
2342,LIMA,2020-01-10,5378651.686484
2343,CENTRO-ORIENTE,2020-11-01,88.0
2344,NORTE,2019-12-18,1818012.758072
2345,LIMA,2020-08-29,5092305.487801
2346,SUR,2020-09-07,1826535.963818
2347,CENTRO-ORIENTE,2020-04-29,3203024.40377
2348,LIMA,2021-03-03,5515962.408102
2349,CENTRO-ORIENTE,2020-05-02,3232935.592044
2350,NORTE,2021-02-11,2587894.62531
2351,SUR,2020-03-05,1924205.074089
2352,SUR,2021-04-30,3378172.2052
2353,LIMA,2020-01-07,5200734.3407
2354,SUR,2021-05-06,1704861.055142
2355,NORTE,2019-12-15,65321.44155
2356,NORTE,2019-12-12,2300380.367256
2357,LIMA,2021-02-28,504274.733237
2358,SUR,2019-09-10,1448630.480612
2359,CENTRO-ORIENTE,2019-11-01,205305.652508
2360,SUR,2020-03-14,1337121.540545
2361,NORTE,2021-02-02,2553983.907538
2362,CENTRO-ORIENTE,2019-11-07,1325706.308492
2363,CENTRO-ORIENTE,2020-05-08,1589979.494558
2364,LIMA,2020-07-08,4443056.019846
2365,SUR,2021-05-03,1278591.027477
2366,CENTRO-ORIENTE,2020-12-26,1588386.291438
2367,SUR,2020-03-11,1846863.520919
2368,NORTE,2020-06-15,3288803.077123
2369,LIMA,2021-02-25,5716648.60856
2370,LIMA,2020-01-04,5629275.128132
2371,NORTE,2021-02-05,2761867.802277
2372,SUR,2019-09-07,1201353.892926
2373,CENTRO-ORIENTE,2019-11-04,774090.078221
2374,NORTE,2021-04-10,3381810.316163
2375,LIMA,2021-04-27,5035932.697464
2376,CENTRO-ORIENTE,2021-01-04,1802574.404054
2377,NORTE,2020-10-06,2359005.196928
2378,SUR,2020-01-10,1798736.932088
2379,LIMA,2021-05-03,5129781.227818
2380,SUR,2020-01-04,818719.030352
2381,CENTRO-ORIENTE,2020-12-29,2421594.692246
2382,LIMA,2020-03-08,181219.579917
2383,LIMA,2019-09-04,4217005.899609
2384,LIMA,2020-10-29,6239122.813072
2385,CENTRO-ORIENTE,2020-06-29,1966025.383577
2386,LIMA,2021-04-30,9277285.905444
2387,LIMA,2019-09-07,3904789.117856
2388,NORTE,2021-04-07,2572105.659705
2389,SUR,2020-01-07,1405978.538037
2390,SUR,2020-07-11,1233072.704795
2391,LIMA,2020-03-11,5475669.000334
2392,NORTE,2020-02-14,2127716.227872
2393,NORTE,2020-08-15,1936100.676763
2394,CENTRO-ORIENTE,2020-07-02,1155435.654617
2395,NORTE,2020-02-11,2412227.112851
2396,SUR,2021-03-09,1959818.635332
2397,CENTRO-ORIENTE,2020-01-01,0.03707
2398,SUR,2021-03-06,1819448.849425
2399,LIMA,2020-03-02,3330982.56907
2400,LIMA,2020-09-04,5077623.599549
2401,SUR,2020-01-13,1419947.983533
2402,NORTE,2020-02-08,1968942.337451
2403,SUR,2020-09-01,1205184.588608
2404,NORTE,2020-08-12,2174441.00059
2405,CENTRO-ORIENTE,2020-01-04,1525922.383237
2406,LIMA,2019-09-01,193816.281487
2407,SUR,2021-03-03,1825985.095098
2408,CENTRO-ORIENTE,2019-12-29,52799.680725
2409,LIMA,2020-09-07,5314803.351074
2410,LIMA,2020-03-05,3975494.536319
2411,CENTRO-ORIENTE,2020-07-08,1656603.955256
2412,CENTRO-ORIENTE,2021-02-25,3330568.642783
2413,LIMA,2020-05-05,4517632.924189
2414,NORTE,2019-10-09,2077312.626176
2415,SUR,2020-05-14,2005039.141124
2416,SUR,2019-11-10,10944.065636
2417,LIMA,2019-11-01,759568.413349
2418,NORTE,2021-06-07,2170913.631363
2419,CENTRO-ORIENTE,2021-03-03,2257598.644996
2420,CENTRO-ORIENTE,2020-01-07,3327876.027765
2421,NORTE,2020-04-12,28448.134369
2422,SUR,2021-01-04,1501106.129597
2423,NORTE,2019-10-12,1783909.081972
2424,LIMA,2020-05-08,4700084.008036
2425,NORTE,2021-06-04,1820930.941574
2426,LIMA,2019-11-04,4490380.539491
2427,LIMA,2020-06-17,3432100.623332
2428,NORTE,2020-05-22,1965493.43845
2429,SUR,2020-08-11,1647246.639627
2430,CENTRO-ORIENTE,2020-07-23,1912529.42499
2431,NORTE,2020-11-21,2432482.200895
2432,SUR,2020-08-14,2461070.724903
2433,SUR,2021-02-16,1552728.848193
2434,SUR,2020-02-10,1695836.052634
2435,NORTE,2020-05-19,2349590.333725
2436,CENTRO-ORIENTE,2021-01-25,3264153.234391
2437,NORTE,2019-11-15,2603747.595834
2438,LIMA,2020-06-08,5209989.765795
2439,LIMA,2020-12-11,4907034.26029
2440,CENTRO-ORIENTE,2020-07-20,1505708.054976
2441,NORTE,2020-05-16,2521541.147803
2442,SUR,2020-02-13,1525220.277749
2443,NORTE,2020-11-18,2530725.653726
2444,LIMA,2020-06-11,4761955.431868
2445,LIMA,2019-12-08,151365.697786
2446,LIMA,2020-12-14,5173694.95252
2447,SUR,2020-08-17,1967153.725419
2448,CENTRO-ORIENTE,2021-01-22,2783346.319773
2449,CENTRO-ORIENTE,2021-05-11,1882825.476596
2450,NORTE,2021-03-07,254696.465262
2451,LIMA,2020-09-22,4694948.695569
2452,SUR,2021-06-02,1514754.383706
2453,LIMA,2021-03-27,5086030.376392
2454,NORTE,2020-09-02,2592433.604311
2455,CENTRO-ORIENTE,2019-09-15,36447.684619
2456,CENTRO-ORIENTE,2021-05-08,2056049.377196
2457,LIMA,2020-09-25,5430937.630377
2458,SUR,2019-10-07,1303188.961235
2459,CENTRO-ORIENTE,2020-11-03,1811831.116285
2460,SUR,2020-05-26,1806579.395823
2461,CENTRO-ORIENTE,2020-03-16,2165885.551408
2462,NORTE,2020-08-30,179936.912609
2463,SUR,2020-12-01,1073889.841509
2464,SUR,2020-11-25,1708432.255536
2465,NORTE,2021-03-04,2648442.917568
2466,CENTRO-ORIENTE,2019-09-12,1491885.814542
2467,LIMA,2021-03-30,6022569.947605
2468,SUR,2021-03-22,2199670.581763
2469,NORTE,2021-02-24,2967475.75736
2470,SUR,2020-09-17,2261306.181268
2471,LIMA,2020-01-20,5173159.790002
2472,NORTE,2019-12-31,1504981.080642
2473,SUR,2020-03-21,1035271.264483
2474,NORTE,2020-06-28,0.047088
2475,CENTRO-ORIENTE,2019-11-17,61072.812765
2476,NORTE,2019-12-28,1818481.545836
2477,LIMA,2020-01-17,7817346.112294
2478,LIMA,2020-07-21,4035530.209178
2479,SUR,2020-09-26,1085558.859634
2480,CENTRO-ORIENTE,2020-05-21,2411253.02615
2481,NORTE,2020-07-01,2465794.825885
2482,LIMA,2020-07-18,5049670.789534
2483,SUR,2020-03-24,1017937.090266
2484,CENTRO-ORIENTE,2020-11-20,1855901.567532
2485,NORTE,2020-06-25,3098892.941634
2486,SUR,2019-09-20,1516147.185762
2487,CENTRO-ORIENTE,2019-11-14,1590832.90927
2488,SUR,2020-09-23,2172103.640859
2489,LIMA,2020-07-24,3903324.848791
2490,CENTRO-ORIENTE,2020-05-18,2818093.904532
2491,SUR,2019-11-13,1618704.332524
2492,LIMA,2020-11-07,5036606.300841
2493,CENTRO-ORIENTE,2021-02-28,60060.532236
2494,NORTE,2020-04-15,2308869.771416
2495,CENTRO-ORIENTE,2020-02-28,2108720.251454
2496,LIMA,2019-09-10,6500199.104479
2497,SUR,2020-07-08,2210435.337035
2498,CENTRO-ORIENTE,2020-08-29,2698731.357043
2499,CENTRO-ORIENTE,2020-09-04,2297283.348088
2500,LIMA,2020-11-04,4630140.096175
2501,NORTE,2020-04-06,1957630.438508
2502,LIMA,2020-05-02,4757704.621123
2503,NORTE,2020-10-09,2167027.646828
2504,NORTE,2021-04-13,2231988.84077
2505,CENTRO-ORIENTE,2021-03-06,2247716.361244
2506,LIMA,2020-11-01,111565.436736
2507,NORTE,2020-10-12,3399498.938541
2508,SUR,2020-07-05,16021.503675
2509,LIMA,2021-05-06,5439931.28802
2510,SUR,2021-01-07,2089578.57663
2511,CENTRO-ORIENTE,2020-09-01,2843893.88177
